TransactionID,TransactionTypeID,TimeID,SymbolID,Units
2769834124.0,1,1,284.0,1605.0
2767324642.0,2,2,284.0,1605.0
2815473914.0,2,3,284.0,914.0
2622244212.0,1,4,4.0,646.0
2629871124.0,2,5,258.0,646.0
2782801046.0,1,6,4.0,519.0
2625827963.0,2,7,258.0,519.0
2608925782.0,1,8,4.0,515.0
2633047911.0,2,9,258.0,515.0
2653834302.0,1,10,4.0,320.0
2631175967.0,2,11,258.0,320.0
2833377589.0,1,12,342.0,309.0
2625330535.0,2,13,342.0,309.0
2644157797.0,1,14,342.0,303.0
2829085721.0,1,15,342.0,303.0
2636205200.0,2,16,342.0,303.0
2680235558.0,2,17,342.0,303.0
2658177011.0,1,18,1581.0,287.0
2603874911.0,2,19,1581.0,287.0
2843164741.0,1,20,1581.0,255.0
2629666271.0,2,21,1581.0,255.0
2645692592.0,1,22,342.0,233.0
2698276936.0,2,23,342.0,233.0
2630458680.0,1,24,4.0,222.0
2802361348.0,1,25,4.0,222.0
2725157924.0,2,26,258.0,222.0
2645352189.0,1,27,342.0,221.0
2720424790.0,2,28,342.0,221.0
2650758349.0,1,29,342.0,217.0
2678619267.0,2,30,342.0,217.0
2600601626.0,1,31,4.0,215.0
2596680487.0,2,32,258.0,215.0
2592885078.0,1,33,4.0,214.0
2888706359.0,2,34,258.0,214.0
2720406209.0,1,35,,202.0
2680926993.0,2,36,,202.0
2691814271.0,1,37,4.0,199.0
2669674108.0,2,38,258.0,199.0
2785843245.0,1,39,4.0,198.0
2610562968.0,1,40,4.0,198.0
2687658384.0,2,41,258.0,198.0
2709716513.0,2,42,258.0,198.0
2612889099.0,1,43,342.0,195.0
2833399267.0,2,30,342.0,195.0
2842209576.0,1,44,4.0,190.0
2666427442.0,1,45,,185.0
2699918391.0,1,46,,185.0
2770673887.0,2,47,,185.0
2614075181.0,1,48,1581.0,177.0
2782815631.0,2,49,1581.0,177.0
2888694268.0,1,50,1581.0,155.0
2680415873.0,2,51,1581.0,155.0
2770670686.0,1,52,1581.0,147.0
2633147566.0,2,53,1581.0,147.0
2726250960.0,1,54,1581.0,146.0
2680936704.0,2,55,1581.0,146.0
2620146336.0,1,56,1581.0,144.0
2643988058.0,2,57,1581.0,144.0
2811254971.0,1,58,,136.0
2659110084.0,2,59,,136.0
2722112450.0,1,60,317.0,135.0
2634935480.0,1,61,265.0,135.0
2666176217.0,2,62,317.0,135.0
2629370312.0,2,63,265.0,135.0
2623252964.0,1,64,265.0,133.0
2618714576.0,2,65,265.0,133.0
2644916972.0,1,66,1581.0,132.0
2652312416.0,2,67,1581.0,132.0
2607798683.0,1,68,,129.0
2621430253.0,1,69,,129.0
2793363340.0,2,70,,129.0
2621543937.0,2,71,,129.0
2680928653.0,1,72,,128.0
2787487102.0,2,73,,128.0
2621390925.0,1,74,,125.0
2827389523.0,1,75,,123.0
2658211558.0,2,76,,123.0
2650745384.0,1,77,,122.0
2644168637.0,2,78,,122.0
2879465104.0,1,79,,115.0
2687668767.0,2,80,,115.0
2833506054.0,1,81,542.0,107.0
2664894558.0,2,82,542.0,107.0
2658149120.0,1,83,,103.0
2636317780.0,1,84,384.0,101.0
2711461800.0,1,85,542.0,101.0
2625733460.0,2,86,384.0,101.0
2627649361.0,2,87,542.0,101.0
2625323203.0,1,88,,96.0
2833734701.0,2,89,,96.0
2718635490.0,1,90,,93.0
2663055801.0,1,91,542.0,93.0
2647131358.0,2,92,,93.0
2628543845.0,1,93,,92.0
2710625953.0,2,94,,92.0
2752656061.0,2,95,,92.0
2669669158.0,1,96,542.0,91.0
2652308155.0,1,97,,91.0
2860008867.0,1,98,542.0,91.0
2638334564.0,2,99,542.0,91.0
2653832796.0,2,100,,91.0
2670832609.0,2,101,542.0,91.0
2793364652.0,1,102,542.0,87.0
2633534239.0,2,103,542.0,87.0
2624921331.0,1,104,542.0,84.0
2649375962.0,1,105,,84.0
2655354102.0,2,106,542.0,84.0
2817437027.0,2,107,,84.0
2657094107.0,1,108,542.0,83.0
2751207709.0,2,109,542.0,83.0
2659411204.0,1,110,542.0,82.0
2655778109.0,2,111,265.0,82.0
2609683598.0,2,112,542.0,82.0
2650896465.0,1,113,542.0,81.0
2632227996.0,2,114,542.0,81.0
2632426148.0,1,115,284.0,80.0
2640933931.0,2,116,284.0,80.0
2699915249.0,1,117,284.0,75.0
2793369385.0,2,118,284.0,75.0
2650898567.0,1,119,198.0,74.0
2644919407.0,2,120,225.0,74.0
2631806188.0,1,121,198.0,73.0
2631015256.0,2,122,225.0,73.0
2623931900.0,1,123,198.0,71.0
2627096045.0,2,124,225.0,71.0
2634447770.0,1,125,,69.0
2622343684.0,2,126,,69.0
2634935990.0,1,127,317.0,68.0
2699075600.0,2,128,317.0,68.0
2632222005.0,1,129,6.0,67.0
2628507183.0,2,130,317.0,67.0
2695620555.0,1,131,542.0,63.0
2606492014.0,2,132,542.0,63.0
2688239769.0,1,133,47.0,62.0
2623272210.0,1,134,542.0,62.0
2693763684.0,2,135,47.0,62.0
2622803676.0,2,136,542.0,62.0
2638373660.0,1,137,542.0,61.0
2687641487.0,2,138,542.0,61.0
2691814779.0,1,139,1641.0,60.0
2653836079.0,1,140,2887.0,60.0
2856852800.0,1,141,47.0,60.0
2629410400.0,2,142,1641.0,60.0
2833423866.0,2,143,2887.0,60.0
2623959941.0,2,120,47.0,60.0
2712446168.0,1,144,47.0,58.0
2689244804.0,1,145,54.0,58.0
2650897248.0,1,146,542.0,58.0
2620407371.0,1,147,1641.0,58.0
2693009030.0,1,148,542.0,58.0
2626991662.0,2,149,47.0,58.0
2624377750.0,2,150,54.0,58.0
2628736901.0,2,151,542.0,58.0
2624680211.0,2,152,1641.0,58.0
2599579619.0,2,153,542.0,58.0
2888698060.0,1,154,,57.0
2691811332.0,2,155,,57.0
2596411354.0,1,156,,56.0
2623273340.0,1,157,,56.0
2793363496.0,1,158,542.0,56.0
2588989408.0,1,159,542.0,56.0
2893660400.0,1,160,47.0,56.0
2875762794.0,1,161,542.0,56.0
2678623419.0,2,162,,56.0
2676826054.0,2,163,,56.0
2628818974.0,2,164,542.0,56.0
2678624895.0,2,165,542.0,56.0
2740088056.0,2,166,47.0,56.0
2770671877.0,2,167,542.0,56.0
2718603055.0,1,168,542.0,55.0
2611535553.0,1,169,,55.0
2659818223.0,1,170,542.0,55.0
2680941968.0,1,171,47.0,55.0
2687645111.0,2,172,542.0,55.0
2762394354.0,2,173,,55.0
2856852026.0,2,174,542.0,55.0
2775299259.0,2,175,47.0,55.0
2782821670.0,1,176,47.0,54.0
2623597259.0,2,177,47.0,54.0
2623863876.0,1,178,,53.0
2680934515.0,1,179,138.0,53.0
2709713681.0,2,180,,53.0
2693534969.0,2,181,138.0,53.0
2732935241.0,1,182,47.0,52.0
2607797870.0,1,183,542.0,52.0
2669638969.0,1,184,138.0,52.0
2875757958.0,2,185,47.0,52.0
2725158153.0,2,186,542.0,52.0
2641611940.0,1,187,198.0,51.0
2742592971.0,2,188,225.0,51.0
2614062678.0,1,189,198.0,50.0
2608928490.0,1,190,198.0,50.0
2607812853.0,1,191,,50.0
2875765318.0,1,192,198.0,50.0
2739377371.0,2,193,225.0,50.0
2720441400.0,2,194,225.0,50.0
2587932091.0,2,195,,50.0
2634463309.0,2,196,225.0,50.0
2888704561.0,1,197,198.0,49.0
2699075111.0,1,198,,49.0
2605662536.0,2,199,225.0,49.0
2891151352.0,2,200,,49.0
2678635295.0,1,201,,48.0
2606417895.0,1,202,6.0,48.0
2770672956.0,1,203,198.0,48.0
2689241131.0,2,204,,48.0
2689242505.0,2,205,317.0,48.0
2853639479.0,2,206,225.0,48.0
2775809417.0,1,207,6.0,47.0
2607229752.0,1,208,6.0,47.0
2630684214.0,2,209,317.0,47.0
2622182169.0,2,210,317.0,47.0
2627099953.0,1,211,198.0,46.0
2623870607.0,1,212,6.0,46.0
2603421600.0,1,213,6.0,46.0
2623953285.0,1,214,,46.0
2838581358.0,1,215,1641.0,46.0
2680374991.0,2,216,225.0,46.0
2665348137.0,2,217,317.0,46.0
2833467104.0,2,218,317.0,46.0
2619451724.0,2,219,,46.0
2790360128.0,1,220,6.0,45.0
2621432410.0,1,221,,45.0
2719863269.0,1,222,6.0,45.0
2709714922.0,1,223,6.0,45.0
2793379076.0,1,224,138.0,45.0
2616844029.0,1,225,51.0,45.0
2842296058.0,1,226,,45.0
2815474380.0,1,227,,45.0
2618253309.0,1,228,138.0,45.0
2802361675.0,2,229,317.0,45.0
2787477812.0,2,230,,45.0
2855787837.0,2,231,317.0,45.0
2664899495.0,2,232,317.0,45.0
2827351767.0,2,233,138.0,45.0
2665776903.0,2,234,51.0,45.0
2775300460.0,2,235,,45.0
2592613979.0,2,236,,45.0
2649376314.0,2,237,138.0,45.0
2652315370.0,1,238,198.0,44.0
2640982009.0,1,239,51.0,44.0
2659454793.0,1,240,,44.0
2612543840.0,2,241,225.0,44.0
2693762817.0,2,242,51.0,44.0
2655767134.0,2,243,,44.0
2587823226.0,1,244,205.0,43.0
2633160836.0,1,245,223.0,43.0
2650899240.0,1,246,,43.0
2588652104.0,1,247,198.0,43.0
2637091463.0,2,248,223.0,43.0
2626491488.0,2,249,273.0,43.0
2768309358.0,2,250,,43.0
2622804451.0,1,251,,42.0
2624676776.0,1,252,,42.0
2833407165.0,1,253,51.0,42.0
2648583855.0,2,254,,42.0
2611526755.0,2,255,,42.0
2622210228.0,2,256,51.0,42.0
2888696737.0,1,257,54.0,41.0
2628508455.0,1,258,198.0,41.0
2830421351.0,1,259,,41.0
2740089149.0,1,260,,41.0
2888699328.0,2,261,54.0,41.0
2612686625.0,2,262,225.0,41.0
2877450749.0,2,263,,41.0
2802365058.0,2,264,,41.0
2699916282.0,1,265,,40.0
2890342768.0,1,266,,40.0
2652311204.0,2,267,,40.0
2626512571.0,2,268,,40.0
2695619535.0,1,269,,39.0
2607799868.0,1,270,223.0,39.0
2802363793.0,1,271,47.0,39.0
2647578858.0,1,272,54.0,39.0
2599448230.0,1,273,138.0,39.0
2599672027.0,1,274,54.0,39.0
2649378586.0,2,275,,39.0
2853879979.0,2,276,273.0,39.0
2742592652.0,2,277,47.0,39.0
2635445858.0,2,278,54.0,39.0
2628505696.0,2,279,138.0,39.0
2853638594.0,2,280,54.0,39.0
2656894995.0,1,281,,38.0
2782825545.0,1,282,223.0,38.0
2669637220.0,1,283,,38.0
2640993994.0,2,284,,38.0
2725163453.0,2,285,273.0,38.0
2656882069.0,2,286,,38.0
2680939523.0,1,287,1641.0,37.0
2701534579.0,1,288,223.0,37.0
2678622229.0,1,289,223.0,37.0
2853636211.0,1,290,223.0,37.0
2843839153.0,1,291,223.0,37.0
2710640615.0,2,292,1641.0,37.0
2730470625.0,2,293,273.0,37.0
2634832052.0,2,294,273.0,37.0
2718486714.0,2,295,273.0,37.0
2695621810.0,2,296,273.0,37.0
2835506262.0,1,297,223.0,36.0
2687674591.0,1,298,54.0,36.0
2644917688.0,1,299,,36.0
2782798512.0,2,300,273.0,36.0
2687649924.0,2,301,54.0,36.0
2879466192.0,2,302,,36.0
2643945945.0,1,303,223.0,35.0
2752653358.0,1,304,138.0,35.0
2616716325.0,1,305,223.0,35.0
2853640281.0,1,306,51.0,35.0
2606693614.0,1,307,47.0,35.0
2676814111.0,1,308,47.0,35.0
2890350162.0,2,309,273.0,35.0
2608925440.0,2,310,138.0,35.0
2603770515.0,2,311,273.0,35.0
2752656384.0,2,312,51.0,35.0
2607212236.0,2,313,47.0,35.0
2629263253.0,2,314,47.0,35.0
2671195319.0,1,315,,34.0
2833486412.0,1,316,54.0,34.0
2616671143.0,1,317,138.0,34.0
2674681935.0,1,318,51.0,34.0
2768312109.0,1,319,51.0,34.0
2645699532.0,2,320,,34.0
2619113266.0,2,321,54.0,34.0
2600345370.0,2,322,138.0,34.0
2710589322.0,2,323,51.0,34.0
2856854262.0,2,324,51.0,34.0
2616467389.0,1,325,138.0,33.0
2623282699.0,1,326,51.0,33.0
2599495578.0,1,327,,33.0
2617840649.0,1,328,542.0,33.0
2709715497.0,1,329,223.0,33.0
2591446992.0,2,330,138.0,33.0
2680941221.0,2,331,51.0,33.0
2599595057.0,2,332,,33.0
2607230715.0,2,333,542.0,33.0
2689244229.0,2,334,276.0,33.0
2775804928.0,1,335,,32.0
2592886032.0,1,336,54.0,32.0
2588199358.0,2,337,,32.0
2709715861.0,2,338,54.0,32.0
2739291884.0,1,339,51.0,31.0
2827387969.0,2,340,51.0,31.0
2752655075.0,1,341,219.0,30.0
2626856081.0,1,342,6.0,30.0
2591800739.0,1,343,223.0,30.0
2746390685.0,1,344,285.0,30.0
2623284535.0,1,345,,30.0
2666335456.0,2,346,,30.0
2829179035.0,2,347,215.0,30.0
2736982607.0,2,348,6.0,30.0
2726253068.0,2,349,276.0,30.0
2813794314.0,2,350,285.0,30.0
2617587802.0,2,351,,30.0
2622216399.0,1,352,315.0,29.0
2678641233.0,1,353,,29.0
2623280708.0,1,354,51.0,29.0
2669622984.0,2,355,315.0,29.0
2623913602.0,2,356,,29.0
2782784012.0,2,357,51.0,29.0
2620662530.0,1,358,2257.0,28.0
2751210800.0,1,359,,28.0
2740144176.0,1,360,138.0,28.0
2620127494.0,1,361,219.0,28.0
2656880758.0,1,362,,28.0
2650905802.0,2,363,2257.0,28.0
2623260196.0,2,364,,28.0
2752652170.0,2,365,138.0,28.0
2631176417.0,2,366,,28.0
2855788992.0,1,367,,27.0
2709709784.0,1,368,40.0,27.0
2752651582.0,1,369,51.0,27.0
2689242929.0,1,370,223.0,27.0
2726255238.0,1,371,223.0,27.0
2837395212.0,1,372,532.0,27.0
2611337209.0,1,373,,27.0
2718607765.0,1,374,223.0,27.0
2746389572.0,2,375,,27.0
2817436046.0,2,376,40.0,27.0
2607798398.0,2,377,51.0,27.0
2769919890.0,2,378,276.0,27.0
2608584508.0,2,379,276.0,27.0
2607224438.0,2,380,,27.0
2618215271.0,2,381,276.0,27.0
2612809901.0,1,382,,26.0
2691812279.0,1,383,,26.0
2609793174.0,1,384,205.0,26.0
2599577790.0,1,385,,26.0
2602958795.0,1,386,,26.0
2617678383.0,1,387,,26.0
2736710995.0,1,388,223.0,26.0
2853635526.0,1,389,,26.0
2709713189.0,2,390,,26.0
2747048728.0,2,391,,26.0
2607218769.0,2,392,276.0,26.0
2802359903.0,2,393,,26.0
2861936796.0,2,394,,26.0
2725603952.0,2,395,,26.0
2793371290.0,2,396,276.0,26.0
2879463432.0,2,397,,26.0
2665755389.0,1,398,198.0,25.0
2596415876.0,1,399,,25.0
2833397545.0,1,400,205.0,25.0
2879462594.0,1,401,,25.0
2725824176.0,1,402,1665.0,25.0
2775816335.0,1,403,,25.0
2658150419.0,1,404,40.0,25.0
2623930559.0,2,405,225.0,25.0
2657095823.0,2,406,,25.0
2768311236.0,2,407,276.0,25.0
2653840457.0,2,408,,25.0
2781416468.0,2,409,1665.0,25.0
2782818291.0,2,410,,25.0
2751205557.0,2,411,40.0,25.0
2655989794.0,1,412,205.0,24.0
2643034326.0,1,413,6.0,24.0
2659414800.0,1,414,205.0,24.0
2636386766.0,1,415,532.0,24.0
2736058748.0,1,416,1665.0,24.0
2632719682.0,1,417,40.0,24.0
2890349023.0,1,418,1665.0,24.0
2679864393.0,1,419,51.0,24.0
2746389815.0,1,420,205.0,24.0
2843453846.0,1,421,205.0,24.0
2589073553.0,2,422,223.0,24.0
2591631733.0,2,423,317.0,24.0
2589188100.0,2,424,276.0,24.0
2793364384.0,2,425,532.0,24.0
2623930317.0,2,426,1665.0,24.0
2775809035.0,2,427,40.0,24.0
2596412223.0,2,428,1665.0,24.0
2670910240.0,2,429,51.0,24.0
2687650464.0,2,430,276.0,24.0
2890341742.0,2,431,276.0,24.0
2762397481.0,1,432,,23.0
2601683615.0,1,433,51.0,23.0
2718578615.0,1,434,174.0,23.0
2875762329.0,1,435,,23.0
2682413942.0,1,436,174.0,23.0
2787864582.0,1,437,205.0,23.0
2770671166.0,1,438,,23.0
2683912480.0,1,439,,23.0
2689239879.0,1,440,51.0,23.0
2833505422.0,1,441,,23.0
2606356945.0,2,442,,23.0
2687708425.0,2,443,51.0,23.0
2710597819.0,2,444,145.0,23.0
2647315764.0,2,445,,23.0
2833435140.0,2,446,145.0,23.0
2680993236.0,2,447,276.0,23.0
2649376605.0,2,448,,23.0
2888710489.0,2,449,,23.0
2853633040.0,2,450,51.0,23.0
2813637250.0,2,451,,23.0
2640932226.0,1,452,,22.0
2678625561.0,1,453,,22.0
2643948564.0,1,454,40.0,22.0
2875764394.0,1,455,51.0,22.0
2645361900.0,1,456,532.0,22.0
2626589992.0,1,457,51.0,22.0
2711340256.0,1,458,73.0,22.0
2650900236.0,1,459,,22.0
2667444792.0,1,460,532.0,22.0
2699917911.0,1,461,205.0,22.0
2638191499.0,1,462,1665.0,22.0
2639765317.0,1,463,,22.0
2654090316.0,1,464,532.0,22.0
2699908335.0,1,465,1665.0,22.0
2775813999.0,1,466,40.0,22.0
2698940671.0,1,467,532.0,22.0
2608925601.0,1,468,1665.0,22.0
2600427310.0,1,469,51.0,22.0
2746467489.0,1,470,226.0,22.0
2655384107.0,1,471,,22.0
2622800267.0,2,472,,22.0
2649377096.0,2,473,,22.0
2671316010.0,2,474,40.0,22.0
2619034203.0,2,475,51.0,22.0
2683909310.0,2,476,532.0,22.0
2623991192.0,2,477,51.0,22.0
2664891963.0,2,478,73.0,22.0
2640925973.0,2,479,,22.0
2609684528.0,2,480,532.0,22.0
2588898943.0,2,481,276.0,22.0
2655776320.0,2,482,1665.0,22.0
2623867315.0,2,483,,22.0
2853632518.0,2,484,532.0,22.0
2631176695.0,2,485,1665.0,22.0
2629928616.0,2,486,40.0,22.0
2699921379.0,2,487,532.0,22.0
2775919387.0,2,488,1665.0,22.0
2795233517.0,2,489,51.0,22.0
2628471949.0,2,490,226.0,22.0
2664884166.0,2,491,,22.0
2608924886.0,1,492,51.0,21.0
2616885785.0,1,493,1665.0,21.0
2793367434.0,1,494,,21.0
2690445068.0,1,495,,21.0
2607797993.0,1,496,,21.0
2648582194.0,1,497,,21.0
2720430554.0,1,498,40.0,21.0
2720430782.0,1,499,532.0,21.0
2660507784.0,1,500,532.0,21.0
2626479603.0,1,501,532.0,21.0
2632428390.0,1,502,205.0,21.0
2624682764.0,2,503,51.0,21.0
2649377922.0,2,504,1665.0,21.0
2642968382.0,2,505,,21.0
2793370054.0,2,506,,21.0
2596410420.0,2,507,,21.0
2695622093.0,2,508,,21.0
2633042896.0,2,509,40.0,21.0
2607250595.0,2,510,532.0,21.0
2622805082.0,2,511,532.0,21.0
2687705816.0,2,512,532.0,21.0
2699914346.0,2,513,276.0,21.0
2670193098.0,1,514,40.0,20.0
2654091185.0,1,515,1665.0,20.0
2699913459.0,1,516,73.0,20.0
2623279815.0,1,517,1665.0,20.0
2698586498.0,1,518,1665.0,20.0
2643642956.0,1,519,51.0,20.0
2799449704.0,1,520,40.0,20.0
2793365259.0,1,521,1665.0,20.0
2813787927.0,1,522,226.0,20.0
2628875108.0,1,523,532.0,20.0
2687652080.0,1,524,174.0,20.0
2787485219.0,1,525,315.0,20.0
2634468842.0,2,526,1665.0,20.0
2800628742.0,2,527,73.0,20.0
2658146887.0,2,528,1665.0,20.0
2752655589.0,2,529,1665.0,20.0
2655771926.0,2,530,51.0,20.0
2609792565.0,2,531,40.0,20.0
2729840979.0,2,532,1665.0,20.0
2608735122.0,2,533,226.0,20.0
2695620074.0,2,534,532.0,20.0
2648587680.0,2,535,149.0,20.0
2599646276.0,2,536,315.0,20.0
2599492518.0,1,537,2478.0,19.0
2710620745.0,1,538,40.0,19.0
2813637414.0,1,539,,19.0
2775817476.0,1,540,205.0,19.0
2612042339.0,1,541,205.0,19.0
2610561756.0,1,542,1665.0,19.0
2622799766.0,1,543,,19.0
2621324658.0,1,544,995.0,19.0
2661331458.0,1,545,205.0,19.0
2607812241.0,1,546,,19.0
2615349771.0,2,547,2478.0,19.0
2598054009.0,2,548,40.0,19.0
2680642934.0,2,549,,19.0
2628510556.0,2,550,276.0,19.0
2649380006.0,2,551,276.0,19.0
2596370621.0,2,552,1665.0,19.0
2676826903.0,2,553,,19.0
2591803034.0,2,554,995.0,19.0
2861992304.0,2,555,276.0,19.0
2624741072.0,2,556,,19.0
2736982380.0,1,557,152.0,18.0
2652309362.0,1,558,152.0,18.0
2621085084.0,1,559,51.0,18.0
2782824675.0,1,560,40.0,18.0
2612542358.0,1,561,51.0,18.0
2600367488.0,1,562,,18.0
2618966992.0,1,563,2478.0,18.0
2646028055.0,1,564,51.0,18.0
2657086381.0,1,565,40.0,18.0
2657059729.0,1,566,701.0,18.0
2610931340.0,1,567,205.0,18.0
2653836825.0,1,568,,18.0
2855788425.0,2,569,149.0,18.0
2856853786.0,2,570,149.0,18.0
2829178278.0,2,571,51.0,18.0
2640999447.0,2,572,40.0,18.0
2650895152.0,2,573,51.0,18.0
2769833601.0,2,574,,18.0
2591895355.0,2,575,2478.0,18.0
2634437000.0,2,576,51.0,18.0
2655769576.0,2,572,40.0,18.0
2687654476.0,2,577,701.0,18.0
2622271113.0,2,578,276.0,18.0
2616845118.0,1,579,1665.0,17.0
2782803267.0,1,580,,17.0
2787865606.0,1,581,219.0,17.0
2589465390.0,1,582,1665.0,17.0
2649377249.0,1,583,,17.0
2720583269.0,1,584,,17.0
2616414430.0,1,585,3083.0,17.0
2843525024.0,1,586,190.0,17.0
2630726410.0,1,587,190.0,17.0
2643088198.0,1,588,,17.0
2644791594.0,1,589,1665.0,17.0
2644010787.0,1,590,205.0,17.0
2722897573.0,1,591,40.0,17.0
2632220633.0,1,592,,17.0
2649375376.0,2,593,1665.0,17.0
2888695416.0,2,594,,17.0
2622803223.0,2,595,215.0,17.0
2665788353.0,2,596,1665.0,17.0
2622268602.0,2,597,,17.0
2624545744.0,2,598,,17.0
2625324219.0,2,599,3083.0,17.0
2861935446.0,2,600,190.0,17.0
2591810128.0,2,601,,17.0
2856852437.0,2,602,1665.0,17.0
2624766857.0,2,603,276.0,17.0
2627096670.0,2,604,40.0,17.0
2624393072.0,2,605,,17.0
2625681417.0,1,606,40.0,16.0
2650893439.0,1,607,2478.0,16.0
2628801399.0,1,608,,16.0
2614064684.0,1,609,138.0,16.0
2629589456.0,1,610,138.0,16.0
2599581939.0,1,611,9.0,16.0
2631015947.0,1,612,40.0,16.0
2628586424.0,1,613,1665.0,16.0
2629364519.0,1,614,51.0,16.0
2855787122.0,1,615,9.0,16.0
2607243710.0,1,616,3083.0,16.0
2718484415.0,1,617,1665.0,16.0
2715473627.0,1,618,1665.0,16.0
2607221413.0,2,619,40.0,16.0
2612040651.0,2,620,2478.0,16.0
2612542939.0,2,621,,16.0
2625333279.0,2,622,138.0,16.0
2622551233.0,2,622,138.0,16.0
2665684790.0,2,623,9.0,16.0
2612541330.0,2,624,40.0,16.0
2730469491.0,2,625,1665.0,16.0
2623601431.0,2,626,532.0,16.0
2621482006.0,2,627,51.0,16.0
2710633331.0,2,628,9.0,16.0
2670773821.0,2,629,3083.0,16.0
2623643106.0,2,630,1665.0,16.0
2666422187.0,2,631,1665.0,16.0
2674682814.0,1,632,138.0,15.0
2856853262.0,1,633,51.0,15.0
2678631376.0,1,634,219.0,15.0
2861937303.0,1,635,40.0,15.0
2625339866.0,1,636,51.0,15.0
2623923837.0,1,637,51.0,15.0
2662581587.0,1,638,51.0,15.0
2709718225.0,1,639,51.0,15.0
2676367129.0,1,640,51.0,15.0
2670774332.0,1,641,40.0,15.0
2837395147.0,1,642,,15.0
2829081894.0,1,643,9.0,15.0
2621431974.0,2,644,138.0,15.0
2669623745.0,2,645,9.0,15.0
2698943457.0,2,646,51.0,15.0
2827353089.0,2,647,40.0,15.0
2691811695.0,2,648,51.0,15.0
2681716083.0,2,649,51.0,15.0
2890832755.0,2,650,51.0,15.0
2725680167.0,2,651,51.0,15.0
2656970679.0,2,652,51.0,15.0
2666426433.0,2,653,40.0,15.0
2603436841.0,2,654,,15.0
2604647945.0,2,655,9.0,15.0
2600514078.0,1,656,51.0,14.0
2782790635.0,1,657,,14.0
2709690073.0,1,658,51.0,14.0
2689240998.0,1,659,701.0,14.0
2738727510.0,1,660,152.0,14.0
2624648888.0,2,661,51.0,14.0
2676819820.0,2,662,,14.0
2736753416.0,2,663,51.0,14.0
2693539468.0,2,664,701.0,14.0
2644336282.0,2,665,149.0,14.0
2646423717.0,1,666,2814.0,13.0
2696724218.0,1,667,40.0,13.0
2711335235.0,1,668,,13.0
2655361117.0,1,669,2814.0,13.0
2634458264.0,1,670,51.0,13.0
2751213359.0,1,671,,13.0
2591812419.0,1,672,51.0,13.0
2842209256.0,1,673,51.0,13.0
2669634821.0,1,674,51.0,13.0
2679865198.0,1,675,40.0,13.0
2718599654.0,1,676,40.0,13.0
2718951265.0,1,677,51.0,13.0
2632223189.0,2,678,2814.0,13.0
2681720252.0,2,679,40.0,13.0
2624399069.0,2,680,,13.0
2632430457.0,2,681,2814.0,13.0
2633244398.0,2,682,51.0,13.0
2747000299.0,2,683,,13.0
2698947243.0,2,684,51.0,13.0
2725603473.0,2,685,51.0,13.0
2630617864.0,2,561,51.0,13.0
2678621431.0,2,653,40.0,13.0
2629279548.0,2,686,40.0,13.0
2700095037.0,2,687,51.0,13.0
2687593745.0,1,688,51.0,12.0
2638364422.0,1,689,532.0,12.0
2725166385.0,1,690,532.0,12.0
2647132462.0,1,691,40.0,12.0
2659103817.0,1,692,2478.0,12.0
2644170164.0,2,693,51.0,12.0
2610191292.0,2,694,532.0,12.0
2669642997.0,2,695,532.0,12.0
2649378917.0,2,696,40.0,12.0
2793369064.0,2,697,2478.0,12.0
2629348477.0,1,698,1449.0,11.0
2626989720.0,1,699,205.0,11.0
2653837225.0,1,700,2478.0,11.0
2612041275.0,1,701,152.0,11.0
2751215672.0,1,702,325.0,11.0
2725599511.0,1,703,2478.0,11.0
2631013892.0,1,704,161.0,11.0
2644924460.0,1,705,1449.0,11.0
2645693379.0,1,706,51.0,11.0
2720360679.0,1,707,,11.0
2628506127.0,1,708,532.0,11.0
2845134048.0,2,709,1449.0,11.0
2628821498.0,2,710,276.0,11.0
2775802315.0,2,711,2478.0,11.0
2650915785.0,2,712,149.0,11.0
2601012580.0,2,713,325.0,11.0
2667978588.0,2,714,2478.0,11.0
2628509569.0,2,715,161.0,11.0
2775881051.0,2,716,1449.0,11.0
2592618186.0,2,717,51.0,11.0
2650920723.0,2,718,,11.0
2879459423.0,2,719,532.0,11.0
2589190551.0,1,720,2478.0,10.0
2608576946.0,1,721,152.0,10.0
2875757228.0,1,722,503.0,10.0
2678628809.0,1,723,995.0,10.0
2725824013.0,1,724,325.0,10.0
2587620338.0,1,725,2478.0,10.0
2876688752.0,1,726,2478.0,10.0
2736704399.0,1,727,2478.0,10.0
2680939184.0,1,728,2478.0,10.0
2682414168.0,1,729,152.0,10.0
2671317236.0,1,730,152.0,10.0
2853634045.0,1,731,532.0,10.0
2683936162.0,2,732,2478.0,10.0
2710643864.0,2,733,149.0,10.0
2620115681.0,2,734,73.0,10.0
2843008041.0,2,735,503.0,10.0
2623952238.0,2,736,995.0,10.0
2591661607.0,2,737,325.0,10.0
2710237381.0,2,738,2478.0,10.0
2712597783.0,2,739,2478.0,10.0
2626461272.0,2,740,2478.0,10.0
2709690478.0,2,741,2478.0,10.0
2843860768.0,2,742,532.0,10.0
2621456832.0,2,743,149.0,10.0
2617578779.0,2,744,149.0,10.0
2623269541.0,2,745,532.0,10.0
2802362086.0,1,746,2478.0,9.0
2607237500.0,1,747,321.0,9.0
2589297255.0,1,748,3165.0,9.0
2782185201.0,1,749,2478.0,9.0
2616483659.0,1,750,2093.0,9.0
2888703591.0,1,751,321.0,9.0
2837401236.0,1,752,2935.0,9.0
2829084666.0,1,753,3165.0,9.0
2609712660.0,1,754,325.0,9.0
2833379170.0,1,755,51.0,9.0
2795602533.0,1,756,2478.0,9.0
2608942888.0,1,757,503.0,9.0
2653834687.0,1,758,3165.0,9.0
2607798973.0,2,759,2478.0,9.0
2733408418.0,2,760,321.0,9.0
2655334673.0,2,761,3165.0,9.0
2683932232.0,2,762,2478.0,9.0
2854367006.0,2,763,2093.0,9.0
2658370028.0,2,764,321.0,9.0
2847363868.0,2,765,2935.0,9.0
2725154904.0,2,766,3165.0,9.0
2669625600.0,2,767,325.0,9.0
2762396982.0,2,768,51.0,9.0
2680938476.0,2,769,2478.0,9.0
2670778125.0,2,770,503.0,9.0
2725679556.0,2,771,3165.0,9.0
2614038167.0,1,772,321.0,8.0
2782780191.0,1,773,325.0,8.0
2855788653.0,1,774,325.0,8.0
2802360064.0,1,775,2093.0,8.0
2591737455.0,1,776,325.0,8.0
2782796495.0,1,777,325.0,8.0
2625331611.0,1,778,325.0,8.0
2621431349.0,1,779,1466.0,8.0
2711375922.0,1,780,3083.0,8.0
2785834697.0,1,781,2478.0,8.0
2813637771.0,1,782,2478.0,8.0
2607181131.0,1,783,321.0,8.0
2787864196.0,1,784,478.0,8.0
2854202758.0,1,785,321.0,8.0
2630122155.0,1,786,532.0,8.0
2635635996.0,1,787,325.0,8.0
2621790581.0,1,788,3165.0,8.0
2614545665.0,1,789,478.0,8.0
2633037119.0,2,790,321.0,8.0
2653837776.0,2,791,325.0,8.0
2793370346.0,2,792,325.0,8.0
2608574683.0,2,793,2093.0,8.0
2888702632.0,2,794,325.0,8.0
2663752392.0,2,795,325.0,8.0
2611548915.0,2,796,325.0,8.0
2633065867.0,2,797,1466.0,8.0
2623925231.0,2,798,3083.0,8.0
2643950196.0,2,799,2478.0,8.0
2647141067.0,2,800,2478.0,8.0
2747042497.0,2,801,321.0,8.0
2710642867.0,2,802,478.0,8.0
2658147670.0,2,803,321.0,8.0
2699073899.0,2,804,532.0,8.0
2614065608.0,2,805,325.0,8.0
2591797814.0,2,806,3165.0,8.0
2616770820.0,2,807,478.0,8.0
2687624475.0,1,808,325.0,7.0
2623952738.0,1,809,325.0,7.0
2655349239.0,1,810,2478.0,7.0
2718602363.0,1,811,532.0,7.0
2687578416.0,1,812,325.0,7.0
2613586400.0,1,813,478.0,7.0
2687639490.0,1,814,321.0,7.0
2725162468.0,1,815,325.0,7.0
2715485097.0,1,816,321.0,7.0
2621077073.0,1,817,1466.0,7.0
2591747475.0,1,818,1466.0,7.0
2666424498.0,1,819,478.0,7.0
2627098323.0,1,820,321.0,7.0
2689898106.0,1,821,503.0,7.0
2722116125.0,1,822,330.0,7.0
2717791550.0,1,823,2478.0,7.0
2620561258.0,1,824,325.0,7.0
2617682481.0,1,825,321.0,7.0
2620125476.0,1,826,2478.0,7.0
2725680760.0,1,827,478.0,7.0
2623270666.0,1,828,1466.0,7.0
2617632124.0,1,829,321.0,7.0
2658147413.0,1,830,321.0,7.0
2659970738.0,1,831,503.0,7.0
2638411397.0,1,832,478.0,7.0
2740103755.0,1,833,330.0,7.0
2678640766.0,1,834,330.0,7.0
2644921877.0,1,835,478.0,7.0
2614039907.0,1,836,1466.0,7.0
2629309239.0,1,837,3165.0,7.0
2631014598.0,1,838,503.0,7.0
2726261090.0,1,839,330.0,7.0
2643946718.0,1,840,325.0,7.0
2710635247.0,1,841,1466.0,7.0
2629876036.0,1,842,325.0,7.0
2795601928.0,1,843,325.0,7.0
2710627564.0,1,844,3165.0,7.0
2738997668.0,1,845,325.0,7.0
2749506912.0,1,846,325.0,7.0
2670008935.0,1,847,330.0,7.0
2664051732.0,1,848,321.0,7.0
2776297354.0,1,849,2478.0,7.0
2875755518.0,1,850,325.0,233.0
2680380987.0,1,851,321.0,222.0
2635814120.0,1,852,325.0,222.0
2658246418.0,1,853,1466.0,222.0
2654285890.0,1,854,271.0,221.0
2597778797.0,1,855,325.0,221.0
2655775654.0,1,856,325.0,217.0
2681539727.0,1,857,325.0,217.0
2890340058.0,1,858,325.0,215.0
2599272403.0,1,859,325.0,215.0
2645334654.0,1,860,325.0,214.0
2695620934.0,1,861,321.0,214.0
2639765200.0,1,862,503.0,202.0
2827354054.0,2,863,325.0,202.0
2698944606.0,2,864,325.0,199.0
2854212838.0,2,865,2478.0,199.0
2596405573.0,2,866,532.0,198.0
2650748152.0,2,867,325.0,198.0
2651958307.0,2,868,478.0,198.0
2829082566.0,2,869,321.0,198.0
2628484769.0,2,870,325.0,195.0
2629590312.0,2,871,321.0,195.0
2634457389.0,2,872,1466.0,190.0
2793366962.0,2,873,1466.0,185.0
2650908533.0,2,874,478.0,185.0
2623949043.0,2,875,321.0,185.0
2628508943.0,2,876,503.0,177.0
2643948493.0,2,877,333.0,177.0
2838578274.0,2,878,1466.0,155.0
2815474042.0,2,879,2478.0,155.0
2626136042.0,2,880,325.0,147.0
2745914500.0,2,881,321.0,147.0
2669795053.0,2,882,2478.0,146.0
2625027843.0,2,883,478.0,146.0
2782790012.0,2,884,1466.0,144.0
2687641049.0,2,885,321.0,144.0
2665698396.0,2,886,321.0,136.0
2646423898.0,2,887,503.0,136.0
2869128341.0,2,888,478.0,135.0
2601014333.0,2,889,333.0,135.0
2860010221.0,2,890,333.0,135.0
2671019574.0,2,891,478.0,135.0
2626857379.0,2,892,1466.0,133.0
2597750214.0,2,893,3165.0,133.0
2624391453.0,2,894,503.0,132.0
2678634283.0,2,895,337.0,132.0
2591652788.0,2,896,325.0,129.0
2609945399.0,2,897,325.0,129.0
2628482356.0,2,898,1466.0,129.0
2632194824.0,2,899,325.0,129.0
2681717151.0,2,900,3165.0,128.0
2623950639.0,2,901,325.0,128.0
2682496115.0,2,902,325.0,125.0
2793365529.0,2,903,321.0,123.0
2630703897.0,2,904,2478.0,123.0
2853646314.0,2,905,325.0,122.0
2628654126.0,2,906,321.0,122.0
2829084240.0,2,907,325.0,115.0
2599288943.0,2,908,1466.0,115.0
2686595223.0,2,909,271.0,107.0
2655348610.0,2,910,97.0,107.0
2687587821.0,2,911,325.0,103.0
2650629269.0,2,912,325.0,101.0
2683929549.0,2,913,325.0,101.0
2670775322.0,2,914,325.0,101.0
2650907152.0,2,915,325.0,101.0
2635439300.0,2,916,325.0,96.0
2680934945.0,2,917,321.0,96.0
2736752979.0,2,918,503.0,93.0
2740211053.0,1,919,344.0,93.0
2625328187.0,1,920,3165.0,93.0
2755154374.0,1,921,2672.0,92.0
2742653057.0,1,922,341.0,92.0
2813636795.0,1,923,341.0,92.0
2606897321.0,1,924,161.0,91.0
2802359464.0,1,925,478.0,91.0
2849894045.0,1,926,161.0,91.0
2626529697.0,1,927,161.0,91.0
2690448936.0,1,928,161.0,91.0
2623946027.0,1,929,341.0,91.0
2628504962.0,1,930,3165.0,87.0
2879460442.0,1,931,2672.0,87.0
2875760729.0,1,932,2903.0,84.0
2747045856.0,1,933,503.0,84.0
2850105132.0,1,934,2672.0,84.0
2890340652.0,1,935,503.0,84.0
2860010522.0,1,936,1466.0,83.0
2762394737.0,1,937,214.0,83.0
2719862692.0,1,938,247.0,82.0
2643962378.0,1,939,503.0,82.0
2669646592.0,1,940,2672.0,82.0
2687707024.0,1,941,330.0,81.0
2730486281.0,1,942,330.0,81.0
2596398378.0,1,943,1466.0,80.0
2689244381.0,1,944,353.0,80.0
2599580435.0,1,945,325.0,75.0
2622103593.0,1,946,353.0,75.0
2736983031.0,1,947,1466.0,74.0
2725602646.0,1,948,1466.0,74.0
2756500034.0,1,949,353.0,73.0
2650915765.0,1,950,478.0,73.0
2711082322.0,1,951,321.0,71.0
2889432625.0,1,952,532.0,71.0
2718601785.0,1,953,321.0,69.0
2775305179.0,1,954,478.0,69.0
2720582661.0,1,955,532.0,68.0
2726251792.0,1,956,2707.0,68.0
2636203089.0,1,957,330.0,67.0
2730504036.0,1,958,1466.0,67.0
2699073051.0,1,959,532.0,63.0
2725881343.0,1,960,321.0,63.0
2721140868.0,1,961,325.0,62.0
2799632233.0,1,962,2672.0,62.0
2782793833.0,1,963,1466.0,62.0
2738994536.0,1,964,1466.0,62.0
2802365642.0,2,965,337.0,61.0
2664051786.0,2,966,3165.0,61.0
2681543596.0,2,967,503.0,60.0
2664873151.0,2,968,2672.0,60.0
2599064967.0,2,969,333.0,60.0
2612547928.0,2,970,333.0,60.0
2611219053.0,2,971,161.0,60.0
2601121926.0,2,972,478.0,60.0
2599045303.0,2,973,161.0,58.0
2633532842.0,2,974,161.0,58.0
2612545917.0,2,975,161.0,58.0
2607252759.0,2,976,333.0,58.0
2622016017.0,2,977,3165.0,58.0
2688414254.0,2,978,2672.0,58.0
2632198670.0,2,979,2903.0,58.0
2700850800.0,2,980,503.0,58.0
2691376959.0,2,981,2672.0,58.0
2782789406.0,2,982,503.0,58.0
2669624945.0,2,983,1466.0,57.0
2726255017.0,2,984,247.0,57.0
2739291159.0,2,985,503.0,56.0
2748536485.0,2,986,2672.0,56.0
2838580034.0,2,987,333.0,56.0
2689243840.0,2,988,333.0,56.0
2719861341.0,2,989,1466.0,56.0
2827356616.0,2,990,353.0,56.0
2657096909.0,2,991,325.0,56.0
2659442077.0,2,992,353.0,56.0
2752653790.0,2,993,1466.0,56.0
2710594691.0,2,994,1466.0,56.0
2833391646.0,2,995,353.0,56.0
2689242287.0,2,996,478.0,56.0
2709712797.0,2,997,321.0,55.0
2718595707.0,2,593,532.0,55.0
2658201296.0,2,998,321.0,55.0
2692042118.0,2,999,478.0,55.0
2725592914.0,2,1000,532.0,55.0
2739291357.0,2,1001,2707.0,55.0
2793364172.0,2,1002,333.0,55.0
2802360989.0,2,1003,1466.0,55.0
2842142397.0,2,1004,532.0,54.0
2689242151.0,2,1005,321.0,54.0
2746259767.0,2,1006,325.0,53.0
2770673567.0,2,1007,2672.0,53.0
2875763390.0,2,1008,1466.0,53.0
2720584145.0,2,1009,1466.0,53.0
2718487408.0,1,1010,325.0,52.0
2782787690.0,1,1011,353.0,52.0
2712446339.0,1,1012,321.0,52.0
2720429965.0,1,1013,2903.0,52.0
2711349498.0,1,1014,503.0,52.0
2804764962.0,1,1015,478.0,51.0
2627102872.0,1,1016,1732.0,51.0
2725593412.0,1,1017,478.0,50.0
2733972566.0,1,1018,478.0,50.0
2775298442.0,1,1019,214.0,50.0
2628654862.0,1,1020,478.0,50.0
2699909047.0,1,1021,325.0,50.0
2621082100.0,1,1022,1081.0,50.0
2649380787.0,1,1023,1732.0,50.0
2775801710.0,1,1024,353.0,50.0
2775883201.0,1,1025,283.0,49.0
2676819335.0,1,1026,161.0,49.0
2770066195.0,1,1027,1732.0,49.0
2879464088.0,1,1028,2903.0,49.0
2680937801.0,1,1029,1732.0,48.0
2880259292.0,1,1030,321.0,48.0
2633045741.0,1,1031,2903.0,48.0
2793363807.0,1,1032,1732.0,48.0
2782814826.0,1,1033,1732.0,48.0
2683911739.0,1,1034,325.0,48.0
2827355403.0,1,1035,321.0,47.0
2684277136.0,1,1036,2903.0,47.0
2680940094.0,1,1037,353.0,47.0
2653838614.0,1,1038,478.0,47.0
2678621043.0,1,1039,2903.0,46.0
2678632878.0,1,1040,1466.0,46.0
2645690581.0,1,1041,478.0,46.0
2652313818.0,1,1042,353.0,46.0
2634491689.0,1,1043,321.0,46.0
2655347087.0,1,1044,478.0,46.0
2649375617.0,1,1045,161.0,46.0
2709717641.0,1,1046,353.0,46.0
2647219967.0,1,1047,503.0,46.0
2843164039.0,1,1048,478.0,45.0
2655776895.0,1,1049,2903.0,45.0
2695980782.0,1,1050,1099.0,45.0
2680940794.0,1,1051,321.0,45.0
2853635090.0,1,1052,478.0,45.0
2833806193.0,1,1053,161.0,45.0
2770674946.0,1,1054,1466.0,45.0
2640930421.0,1,1055,161.0,45.0
2676827702.0,1,1056,353.0,45.0
2678629446.0,1,1057,478.0,45.0
2829081508.0,1,1058,478.0,45.0
2650952182.0,1,1059,478.0,45.0
2669626535.0,1,1060,2903.0,45.0
2634478217.0,1,1061,353.0,45.0
2643866283.0,1,1062,325.0,45.0
2647865057.0,1,1063,503.0,45.0
2859570450.0,1,1064,321.0,45.0
2644790732.0,1,1065,478.0,45.0
2683933901.0,1,1066,478.0,44.0
2678641817.0,1,1067,353.0,44.0
2630273156.0,1,1068,161.0,44.0
2740148895.0,1,1069,214.0,44.0
2644364270.0,1,1070,2903.0,44.0
2659221801.0,1,1071,353.0,44.0
2648833741.0,1,1072,503.0,43.0
2738173270.0,1,1073,1466.0,43.0
2680935720.0,1,1074,161.0,43.0
2657097294.0,2,1075,325.0,43.0
2494736882.0,2,1076,353.0,43.0
2494736890.0,2,1077,353.0,43.0
2494736897.0,2,1078,321.0,43.0
2494736906.0,2,1079,2903.0,42.0
2494736911.0,2,1080,503.0,42.0
2494736927.0,2,1081,478.0,42.0
2494736942.0,2,649,1732.0,42.0
2494736943.0,2,1082,478.0,42.0
2494736955.0,2,1083,478.0,42.0
2494736957.0,2,1084,209.0,41.0
2494736962.0,2,1085,478.0,41.0
2494736972.0,2,1086,325.0,41.0
2494736991.0,2,1087,1081.0,41.0
2494719782.0,2,1088,1732.0,41.0
2494719794.0,2,1089,353.0,41.0
2494719843.0,2,1090,283.0,41.0
2534824100.0,2,1091,161.0,41.0
2540648175.0,2,1092,2606.0,40.0
2540648185.0,2,1093,1732.0,40.0
2540648735.0,2,1094,2903.0,40.0
2540650869.0,2,1095,1732.0,40.0
2494740012.0,2,1096,321.0,39.0
2494740036.0,2,1097,2903.0,39.0
2587620338.0,2,1098,1732.0,39.0
2611535553.0,2,1099,1732.0,39.0
2607230715.0,2,1100,325.0,39.0
2633037119.0,2,1101,321.0,39.0
2623280708.0,2,1102,2903.0,39.0
2623931900.0,2,1103,353.0,39.0
2591747475.0,2,1104,478.0,39.0
2644919407.0,2,1105,1055.0,39.0
2626491488.0,2,1106,2903.0,39.0
2633532842.0,2,1107,1466.0,39.0
2655769576.0,2,1108,478.0,38.0
2667444792.0,2,1109,353.0,38.0
2687668767.0,2,1110,321.0,38.0
2688414254.0,2,1111,478.0,38.0
2709715497.0,2,1112,161.0,38.0
2710635247.0,2,1113,353.0,38.0
2711375922.0,2,1114,503.0,37.0
2711375922.0,2,1115,478.0,37.0
2710640615.0,2,1116,2903.0,37.0
2709714922.0,2,1117,1099.0,37.0
2689244804.0,2,1118,321.0,37.0
2699073899.0,2,1119,478.0,37.0
2710643864.0,2,1120,161.0,37.0
2650915765.0,2,1121,1466.0,37.0
2710625953.0,2,1122,161.0,37.0
2725680167.0,2,1123,353.0,37.0
2720430554.0,2,1124,478.0,36.0
2699073899.0,2,1125,478.0,36.0
2718487408.0,2,1126,478.0,36.0
2725593412.0,2,1127,2903.0,36.0
2736704399.0,2,1128,353.0,36.0
2738173270.0,2,1129,325.0,36.0
2699073899.0,2,1130,503.0,35.0
2718599654.0,2,1131,321.0,35.0
2736058748.0,2,1132,478.0,35.0
2650907152.0,2,1133,478.0,35.0
2710597819.0,2,1134,353.0,35.0
2718486714.0,2,1135,161.0,35.0
2747048728.0,2,1136,209.0,35.0
2726261090.0,2,1137,2903.0,35.0
2770066195.0,2,1138,353.0,35.0
2718635490.0,2,1139,503.0,35.0
2725603473.0,2,1140,1466.0,35.0
2768309358.0,2,1141,161.0,35.0
2762396982.0,1,1142,344.0,34.0
2762396982.0,1,1143,1732.0,34.0
2782825545.0,1,1144,325.0,34.0
2785834697.0,1,1145,503.0,34.0
2719863269.0,1,1146,214.0,34.0
2775300460.0,1,1147,325.0,34.0
2751215672.0,1,1148,214.0,34.0
2751215672.0,1,1149,341.0,34.0
2752656061.0,1,1150,161.0,34.0
2699073899.0,1,1151,478.0,34.0
2718599654.0,1,1152,503.0,33.0
2699073899.0,1,1153,341.0,33.0
2718599654.0,1,535,325.0,33.0
2710643864.0,1,1154,2903.0,33.0
2775804928.0,1,1155,2903.0,33.0
2793371290.0,1,1156,,33.0
2793364172.0,1,1157,321.0,33.0
2793363496.0,1,1158,321.0,33.0
2699073899.0,1,1159,628.0,33.0
2718599654.0,1,1160,214.0,33.0
2793369064.0,1,1161,214.0,32.0
2800628742.0,1,1162,503.0,32.0
2802363793.0,1,1163,2903.0,32.0
2793379076.0,1,1164,325.0,32.0
2770671877.0,1,1165,503.0,31.0
2793364384.0,1,1166,478.0,31.0
2793366962.0,1,1167,325.0,30.0
2827389523.0,1,1168,478.0,30.0
2768309358.0,1,1169,478.0,30.0
2853640281.0,1,1170,325.0,30.0
2853640281.0,1,1171,2903.0,30.0
2751215672.0,1,1172,1732.0,30.0
2699073899.0,1,1173,1099.0,30.0
2718599654.0,1,1174,478.0,30.0
2699073899.0,1,1175,478.0,30.0
2718599654.0,1,1176,1466.0,30.0
2815474042.0,1,1177,478.0,30.0
2815473914.0,1,1178,161.0,29.0
2860008867.0,1,1179,503.0,29.0
2859570450.0,1,1180,478.0,29.0
2699073899.0,1,1181,478.0,29.0
2718599654.0,1,1182,1466.0,29.0
2875765318.0,1,1183,478.0,29.0
2656894995.0,1,1184,321.0,28.0
2670778125.0,1,1185,214.0,28.0
2678640766.0,1,1186,2903.0,28.0
2711082322.0,1,1187,325.0,28.0
2769834124.0,2,1188,337.0,28.0
2767324642.0,2,1189,1732.0,28.0
2815473914.0,2,1190,325.0,28.0
2622244212.0,2,1191,503.0,28.0
2629871124.0,2,1192,209.0,28.0
2659353843.0,2,1193,325.0,27.0
2782801046.0,2,1194,209.0,27.0
2625827963.0,2,1195,333.0,27.0
2608925782.0,2,1196,161.0,27.0
2633047911.0,2,1197,503.0,27.0
2653834302.0,2,1198,333.0,27.0
2631175967.0,2,1199,325.0,27.0
2833377589.0,2,1200,2903.0,27.0
2625330535.0,2,1201,2903.0,27.0
2644157797.0,2,1202,,27.0
2829085721.0,2,1203,321.0,27.0
2636205200.0,2,1204,321.0,27.0
2680235558.0,2,1205,628.0,27.0
2658177011.0,2,1206,209.0,27.0
2603874911.0,2,1207,209.0,27.0
2843164741.0,2,1208,503.0,26.0
2629666271.0,2,1209,2903.0,26.0
2645692592.0,2,1210,325.0,26.0
2698276936.0,2,1211,503.0,26.0
2630458680.0,2,649,478.0,26.0
2496398117.0,2,1212,325.0,26.0
2802361348.0,2,1213,478.0,26.0
2725157924.0,2,1214,478.0,26.0
2645352189.0,2,1215,325.0,26.0
2720424790.0,2,1216,2903.0,26.0
2650758349.0,2,1217,1732.0,26.0
2678619267.0,2,1218,1099.0,26.0
2600601626.0,2,1219,478.0,26.0
2596680487.0,2,1220,478.0,26.0
2592885078.0,2,1221,1466.0,26.0
2888706359.0,2,1222,478.0,26.0
2720406209.0,2,1223,161.0,25.0
2680926993.0,2,1224,503.0,25.0
2691814271.0,2,1225,478.0,25.0
2669674108.0,2,1226,209.0,25.0
2785843245.0,2,1139,478.0,25.0
2610562968.0,2,1227,1466.0,25.0
2494714565.0,2,1228,478.0,25.0
2687658384.0,2,1229,321.0,25.0
2575035068.0,2,1230,209.0,25.0
2709716513.0,2,1231,2903.0,25.0
2612889099.0,2,1232,325.0,25.0
2833399267.0,1,1233,1466.0,25.0
2842209576.0,1,1234,310.0,25.0
2666427442.0,1,1235,2039.0,25.0
2699918391.0,1,1236,325.0,24.0
2770673887.0,1,1237,478.0,24.0
2614075181.0,1,1238,325.0,24.0
2782815631.0,1,1239,314.0,24.0
2888694268.0,1,1240,478.0,24.0
2680415873.0,1,1241,321.0,24.0
2770670686.0,1,1242,478.0,233.0
2633147566.0,1,1243,214.0,222.0
2578646531.0,1,1244,2039.0,222.0
2726250960.0,1,1245,314.0,222.0
2680936704.0,1,1246,,221.0
2620146336.0,1,1247,2039.0,221.0
2643988058.0,1,1248,3165.0,217.0
2811254971.0,1,1249,314.0,217.0
2659110084.0,1,1250,503.0,215.0
2578730448.0,1,1251,314.0,215.0
2722112450.0,1,1252,214.0,214.0
2634935480.0,1,1253,214.0,214.0
2666176217.0,1,1254,314.0,202.0
2629370312.0,1,1255,314.0,202.0
2623252964.0,1,1256,314.0,199.0
2618714576.0,1,1257,314.0,199.0
2644916972.0,1,1258,325.0,198.0
2652312416.0,1,1259,305.0,198.0
2607798683.0,1,1260,80.0,198.0
2621430253.0,1,1261,478.0,198.0
2793363340.0,1,1262,478.0,195.0
2621543937.0,1,1263,478.0,195.0
2680928653.0,1,1264,321.0,190.0
2787487102.0,1,1265,478.0,185.0
2621390925.0,1,1266,118.0,185.0
2827389523.0,1,1267,321.0,185.0
2658211558.0,1,1268,325.0,177.0
2650745384.0,1,1269,1081.0,177.0
2644168637.0,1,1270,305.0,155.0
2879465104.0,1,1271,161.0,155.0
2687668767.0,1,1272,305.0,147.0
2833506054.0,1,1273,305.0,147.0
2664894558.0,1,1274,305.0,146.0
2658149120.0,1,1275,305.0,146.0
2636317780.0,1,1276,478.0,144.0
2711461800.0,1,1277,305.0,144.0
2625733460.0,1,1278,478.0,136.0
2627649361.0,1,1279,2093.0,136.0
2625323203.0,1,1280,984.0,135.0
2833734701.0,1,1281,325.0,135.0
2718635490.0,1,1282,478.0,135.0
2663055801.0,1,1283,321.0,135.0
2647131358.0,1,1284,1081.0,133.0
2628543845.0,1,1285,984.0,133.0
2710625953.0,1,1286,478.0,132.0
2752656061.0,1,1287,2039.0,132.0
2669669158.0,1,1288,1413.0,129.0
2652308155.0,1,1289,1466.0,129.0
2638334564.0,1,1290,341.0,129.0
2653832796.0,1,1291,263.0,129.0
2670832609.0,1,1292,435.0,128.0
2793364652.0,1,1293,341.0,128.0
2633534239.0,1,1294,478.0,125.0
2624921331.0,1,1295,161.0,123.0
2649375962.0,1,1296,325.0,123.0
2655354102.0,1,1297,118.0,122.0
2817437027.0,1,1298,325.0,122.0
2657094107.0,1,1299,341.0,115.0
2659411204.0,1,1300,,115.0
2655778109.0,1,1301,325.0,107.0
2609683598.0,1,1302,161.0,107.0
2650896465.0,1,1303,341.0,103.0
2632227996.0,1,1304,,101.0
2632426148.0,1,1305,2903.0,101.0
2640933931.0,1,1306,325.0,101.0
2699915249.0,1,1307,,101.0
2793369385.0,2,1308,305.0,96.0
2650898567.0,2,1309,2039.0,96.0
2644919407.0,2,1310,325.0,93.0
2631806188.0,2,1311,478.0,93.0
2631015256.0,2,1312,325.0,93.0
2623931900.0,2,1313,312.0,92.0
2627096045.0,2,1314,478.0,92.0
2634447770.0,2,1315,321.0,92.0
2622343684.0,2,1316,478.0,91.0
2634935990.0,2,1317,209.0,91.0
2699075600.0,2,1318,2039.0,91.0
2632222005.0,2,1319,312.0,91.0
2628507183.0,2,1320,,91.0
2695620555.0,2,1321,2039.0,91.0
2606492014.0,2,1322,3165.0,87.0
2688239769.0,2,1323,312.0,87.0
2624403075.0,2,1324,503.0,84.0
2623272210.0,2,1325,312.0,84.0
2693763684.0,2,1326,209.0,84.0
2622803676.0,2,1327,,84.0
2638373660.0,2,1328,209.0,83.0
2687641487.0,2,1329,312.0,83.0
2691814779.0,2,1330,312.0,82.0
2653836079.0,2,1331,312.0,82.0
2856852800.0,2,1332,312.0,82.0
2629410400.0,2,1333,325.0,81.0
2833423866.0,2,379,312.0,81.0
2623959941.0,2,1334,80.0,80.0
2712446168.0,2,1335,478.0,80.0
2689244804.0,2,1336,478.0,75.0
2462375420.0,2,1337,478.0,75.0
2650897248.0,2,1338,321.0,74.0
2620407371.0,2,1339,478.0,74.0
2693009030.0,2,1340,118.0,73.0
2626991662.0,2,1341,321.0,73.0
2624377750.0,2,1342,325.0,71.0
2628736901.0,2,1343,1081.0,71.0
2624680211.0,2,1344,312.0,69.0
2599579619.0,2,1345,161.0,69.0
2888698060.0,2,1346,312.0,68.0
2691811332.0,2,1347,312.0,68.0
2596411354.0,2,1348,312.0,67.0
2623273340.0,2,1349,312.0,67.0
2793363496.0,2,1350,478.0,63.0
2588989408.0,2,1351,312.0,63.0
2678623419.0,2,1352,478.0,62.0
2676826054.0,2,1353,2093.0,62.0
2628818974.0,2,1354,984.0,62.0
2678624895.0,2,1355,325.0,62.0
2740088056.0,2,1356,478.0,61.0
2770671877.0,2,1357,321.0,61.0
2718603055.0,2,1358,1081.0,60.0
2611535553.0,2,1359,984.0,60.0
2659818223.0,2,1360,478.0,60.0
2680941968.0,2,1361,2039.0,60.0
2687645111.0,2,1362,1413.0,60.0
2762394354.0,2,1363,1466.0,60.0
2856852026.0,2,1364,333.0,58.0
2775299259.0,2,1365,263.0,58.0
2782821670.0,2,1366,435.0,58.0
2623597259.0,2,1367,333.0,58.0
2623863876.0,2,1368,478.0,58.0
2680934515.0,2,1369,161.0,58.0
2709713681.0,2,1370,325.0,58.0
2693534969.0,2,1371,325.0,58.0
2732935241.0,2,1372,333.0,58.0
2607797870.0,2,1373,,58.0
2669638969.0,2,1374,325.0,57.0
2875757958.0,2,1375,161.0,57.0
2725158153.0,2,1376,333.0,56.0
2641611940.0,2,1377,,56.0
2742592971.0,2,1378,2903.0,56.0
2614062678.0,2,1379,325.0,56.0
2608928490.0,2,1380,,56.0
2607812853.0,1,1381,310.0,56.0
2875765318.0,1,1382,628.0,56.0
2739377371.0,1,1383,2039.0,56.0
2720441400.0,1,1384,80.0,56.0
2587932091.0,1,1385,263.0,56.0
2634463309.0,1,1386,344.0,56.0
2888704561.0,1,1387,150.0,56.0
2699075111.0,1,1388,263.0,55.0
2605662536.0,1,1389,2903.0,55.0
2678635295.0,1,1390,150.0,55.0
2606417895.0,1,1391,150.0,55.0
2489931082.0,1,1392,341.0,55.0
2770672956.0,1,1393,150.0,55.0
2689241131.0,1,1394,150.0,55.0
2689242505.0,1,1395,150.0,55.0
2853639479.0,1,1396,150.0,54.0
2573622939.0,1,1397,341.0,54.0
2775809417.0,1,1398,1916.0,53.0
2607229752.0,1,1399,150.0,53.0
2630684214.0,1,1400,353.0,53.0
2622182169.0,1,1401,150.0,53.0
2627099953.0,1,1402,150.0,52.0
2623870607.0,1,1403,80.0,52.0
2603421600.0,1,1404,185.0,52.0
2623953285.0,1,1405,1916.0,52.0
2838581358.0,1,1406,263.0,52.0
2680374991.0,1,1407,1916.0,51.0
2665348137.0,1,1408,80.0,51.0
2833467104.0,1,1409,1916.0,50.0
2619451724.0,1,1410,1081.0,50.0
2790360128.0,1,1411,1916.0,50.0
2621432410.0,1,1412,2039.0,50.0
2719863269.0,1,1413,310.0,50.0
2709714922.0,1,1414,1964.0,50.0
2793379076.0,1,1415,341.0,50.0
2616844029.0,1,1416,310.0,50.0
2842296058.0,1,1417,341.0,49.0
2815474380.0,1,1418,341.0,49.0
2618253309.0,1,1419,310.0,49.0
2802361675.0,1,1420,161.0,49.0
2787477812.0,1,1421,353.0,48.0
2855787837.0,1,1422,310.0,48.0
2664899495.0,1,1423,310.0,48.0
2827351767.0,1,1424,2039.0,48.0
2578376033.0,1,1425,2503.0,48.0
2665776903.0,1,1426,80.0,48.0
2775300460.0,1,1427,310.0,47.0
2592613979.0,1,1428,2503.0,47.0
2649376314.0,1,1429,2039.0,47.0
2652315370.0,1,1430,310.0,47.0
2640982009.0,1,1431,263.0,46.0
2659454793.0,1,1432,2998.0,46.0
2612543840.0,1,1433,2039.0,46.0
2693762817.0,1,1434,2503.0,46.0
2655767134.0,1,1435,2039.0,46.0
2587823226.0,1,1436,80.0,46.0
2633160836.0,1,1437,1732.0,46.0
2650899240.0,1,1438,80.0,46.0
2588652104.0,1,1439,321.0,46.0
2637091463.0,1,1440,314.0,45.0
2626491488.0,1,1441,2039.0,45.0
2622804451.0,1,1442,1732.0,45.0
2624676776.0,1,1443,80.0,45.0
2833407165.0,1,1444,321.0,45.0
2648583855.0,1,1445,314.0,45.0
2611526755.0,1,1446,,45.0
2622210228.0,1,1447,314.0,45.0
2888696737.0,1,1448,2039.0,45.0
2628508455.0,1,1449,263.0,45.0
2830421351.0,1,1450,321.0,45.0
2740089149.0,1,1451,150.0,45.0
2612686625.0,1,1452,2039.0,45.0
2877450749.0,1,1453,503.0,45.0
2802365058.0,1,1454,150.0,45.0
2699916282.0,1,1455,314.0,45.0
2890342768.0,1,1456,,45.0
2652311204.0,1,1457,321.0,45.0
2626512571.0,1,1458,984.0,44.0
2695619535.0,1,1459,263.0,44.0
2607799868.0,1,1460,321.0,44.0
2802363793.0,1,1461,2998.0,44.0
2647578858.0,1,1462,150.0,44.0
2599448230.0,1,1463,150.0,44.0
2599672027.0,1,1464,503.0,43.0
2649378586.0,1,1465,1964.0,43.0
2853879979.0,1,1466,150.0,43.0
2742592652.0,1,1467,150.0,43.0
2635445858.0,1,1468,150.0,43.0
2628505696.0,1,1469,172.0,43.0
2853638594.0,1,1470,353.0,43.0
2656894995.0,1,1471,118.0,42.0
2782825545.0,1,1472,2998.0,42.0
2504792938.0,1,1473,172.0,42.0
2324960977.0,1,1474,2998.0,42.0
2669637220.0,1,1475,503.0,42.0
2640993994.0,1,1476,1466.0,42.0
2725163453.0,1,1477,,41.0
2656882069.0,1,1478,172.0,41.0
2680939523.0,1,1479,1466.0,41.0
2701534579.0,1,1480,321.0,41.0
2678622229.0,1,1481,478.0,41.0
2843839153.0,1,1482,321.0,41.0
2710640615.0,1,1483,435.0,41.0
2730470625.0,1,1484,321.0,41.0
2634832052.0,1,1485,478.0,40.0
2718486714.0,2,1486,305.0,40.0
2695621810.0,2,1487,628.0,40.0
2835506262.0,2,1488,2039.0,40.0
2687674591.0,2,1489,80.0,39.0
2644917688.0,2,1490,263.0,39.0
2782798512.0,2,1491,337.0,39.0
2687649924.0,2,1492,172.0,39.0
2879466192.0,2,1493,247.0,39.0
2643945945.0,2,1494,263.0,39.0
2752653358.0,2,1495,2039.0,39.0
2616716325.0,2,1496,2903.0,39.0
2853640281.0,2,1497,172.0,39.0
2606693614.0,2,1498,172.0,39.0
2676814111.0,2,1499,337.0,39.0
2608925440.0,2,1500,1964.0,39.0
2623930559.0,2,1501,172.0,38.0
2603770515.0,2,1502,172.0,38.0
2752656384.0,2,1503,172.0,38.0
2607212236.0,2,1504,337.0,38.0
2629263253.0,2,1505,1916.0,38.0
2671195319.0,2,1506,172.0,38.0
2833486412.0,2,1507,172.0,37.0
2616671143.0,2,1508,172.0,37.0
2674681935.0,2,1509,80.0,37.0
2768312109.0,2,1510,186.0,37.0
2645699532.0,2,597,1916.0,37.0
2619113266.0,2,1511,263.0,37.0
2600345370.0,2,1512,1916.0,37.0
2710589322.0,2,1513,1916.0,37.0
2856854262.0,2,1514,1081.0,37.0
2616467389.0,2,1515,1916.0,37.0
2623282699.0,2,1516,2039.0,36.0
2599495578.0,2,1517,313.0,36.0
2617840649.0,2,1518,1964.0,36.0
2709715497.0,2,976,337.0,36.0
2591446992.0,2,1519,313.0,36.0
2680941221.0,2,1520,333.0,36.0
2599595057.0,2,1521,333.0,35.0
2607230715.0,2,1522,313.0,35.0
2689244229.0,2,971,161.0,35.0
2575438259.0,2,1523,353.0,35.0
2582881740.0,2,1524,313.0,35.0
2775804928.0,2,1525,313.0,35.0
2592886032.0,2,1526,2039.0,35.0
2588199358.0,2,1527,2503.0,35.0
2709715861.0,2,1105,1055.0,35.0
2739291884.0,2,1528,2093.0,35.0
2827387969.0,2,1529,80.0,35.0
2752655075.0,2,1530,313.0,35.0
2626856081.0,2,1531,2503.0,34.0
2591800739.0,2,1532,2039.0,34.0
2746390685.0,2,1533,313.0,34.0
2623284535.0,2,1534,263.0,34.0
2666335456.0,2,1535,2039.0,34.0
2829179035.0,2,1536,2503.0,34.0
2736982607.0,2,1537,2039.0,34.0
2726253068.0,2,1538,80.0,34.0
2813794314.0,2,1539,1732.0,34.0
2617587802.0,2,1540,80.0,34.0
2622216399.0,2,1541,321.0,33.0
2678641233.0,2,1542,313.0,33.0
2623280708.0,2,1543,2039.0,33.0
2669622984.0,2,1544,1732.0,33.0
2623913602.0,2,1545,80.0,33.0
2782784012.0,2,1546,321.0,33.0
2620662530.0,2,1547,313.0,33.0
2751210800.0,2,1548,,33.0
2503706153.0,2,1549,313.0,33.0
2740144176.0,2,1550,2039.0,33.0
2620127494.0,2,1551,263.0,32.0
2656880758.0,2,1552,172.0,32.0
2650905802.0,2,1553,80.0,32.0
2623260196.0,2,1554,2039.0,32.0
2752652170.0,2,1555,503.0,31.0
2631176417.0,2,1556,172.0,31.0
2855788992.0,2,1557,313.0,30.0
2709709784.0,2,1558,,30.0
2752651582.0,2,1559,321.0,30.0
2689242929.0,2,1560,984.0,30.0
2726255238.0,2,1561,263.0,30.0
2837395212.0,2,1562,321.0,30.0
2611337209.0,2,1563,2998.0,30.0
2718607765.0,2,1564,172.0,30.0
2746389572.0,2,1565,172.0,30.0
2817436046.0,2,1566,503.0,30.0
2607798398.0,2,1567,1964.0,30.0
2769919890.0,2,1568,172.0,29.0
2608584508.0,2,1569,172.0,29.0
2607224438.0,2,1570,172.0,29.0
2618215271.0,2,1571,172.0,29.0
2612809901.0,2,1572,353.0,29.0
2691812279.0,2,1573,118.0,29.0
2609793174.0,2,1574,2998.0,28.0
2599577790.0,2,1575,172.0,28.0
2602958795.0,2,1576,2998.0,28.0
2617678383.0,2,1577,503.0,28.0
2736710995.0,2,1578,118.0,28.0
2853635526.0,2,1579,118.0,28.0
2709713189.0,2,1580,1466.0,28.0
2747048728.0,2,1581,,28.0
2607218769.0,2,1582,172.0,28.0
2802359903.0,2,1583,1466.0,27.0
2861936796.0,2,1584,321.0,27.0
2725603952.0,2,1585,478.0,27.0
2793371290.0,2,1586,321.0,27.0
2879463432.0,2,1587,435.0,27.0
2665755389.0,2,1588,321.0,27.0
2596415876.0,2,1589,478.0,27.0
2833397545.0,1,1590,272.0,27.0
2879462594.0,1,1591,344.0,27.0
2725824176.0,1,1592,1964.0,27.0
2775816335.0,1,1593,152.0,27.0
2658150419.0,1,1594,272.0,27.0
2657095823.0,1,1595,113.0,27.0
2768311236.0,1,1596,344.0,27.0
2653840457.0,1,1597,2039.0,27.0
2781416468.0,1,1598,152.0,26.0
2782818291.0,1,1599,185.0,26.0
2751205557.0,1,1600,712.0,26.0
2655989794.0,1,1601,712.0,26.0
2643034326.0,1,1602,503.0,26.0
2659414800.0,1,1603,152.0,26.0
2636386766.0,1,1604,310.0,26.0
2736058748.0,1,1605,40.0,26.0
2632719682.0,1,1606,344.0,26.0
2679864393.0,1,1607,263.0,26.0
2746389815.0,1,1608,2282.0,26.0
2843453846.0,1,1609,185.0,26.0
2589073553.0,1,1610,263.0,26.0
2591631733.0,1,1611,185.0,26.0
2589188100.0,1,1612,2039.0,26.0
2793364384.0,1,1613,344.0,26.0
2623930317.0,1,1614,152.0,25.0
2775809035.0,1,1615,1916.0,25.0
2596412223.0,1,1616,152.0,25.0
2670910240.0,1,1617,113.0,25.0
2687650464.0,1,1618,113.0,25.0
2890341742.0,1,1619,263.0,25.0
2762397481.0,1,1620,113.0,25.0
2601683615.0,1,1621,344.0,25.0
2718578615.0,1,1622,113.0,25.0
2875762329.0,1,1623,113.0,25.0
2682413942.0,1,1624,1964.0,25.0
2787864582.0,1,1625,152.0,25.0
2770671166.0,1,1626,113.0,25.0
2683912480.0,1,1627,152.0,25.0
2689239879.0,1,1628,272.0,24.0
2833505422.0,1,1629,1916.0,24.0
2606356945.0,1,1630,344.0,24.0
2687708425.0,1,1631,344.0,24.0
2710597819.0,1,1632,113.0,24.0
2647315764.0,1,1633,2039.0,24.0
2833435140.0,1,1634,344.0,24.0
2680993236.0,1,1635,344.0,24.0
2649376605.0,1,1636,1466.0,24.0
2888710489.0,1,1637,152.0,24.0
2853633040.0,1,1638,344.0,24.0
2813637250.0,1,1639,344.0,24.0
2648587680.0,1,1640,80.0,24.0
2640932226.0,1,1641,152.0,24.0
2678625561.0,1,1642,152.0,24.0
2643948564.0,1,1643,344.0,24.0
2875764394.0,1,1644,344.0,24.0
2645361900.0,1,1645,1858.0,24.0
2626589992.0,1,1646,344.0,24.0
2711340256.0,1,1647,105.0,24.0
2650900236.0,1,1648,344.0,23.0
2667444792.0,1,1649,344.0,23.0
2699917911.0,1,1650,272.0,23.0
2638191499.0,1,1651,339.0,23.0
2639765317.0,1,1652,152.0,23.0
2654090316.0,1,1653,152.0,23.0
2699908335.0,1,1654,339.0,23.0
2775813999.0,1,1655,339.0,23.0
2698940671.0,1,1656,2039.0,23.0
2608925601.0,1,1657,712.0,23.0
2600427310.0,1,1658,712.0,23.0
2746467489.0,1,1659,339.0,23.0
2581214908.0,1,1660,152.0,23.0
2655384107.0,1,1661,2039.0,23.0
2622800267.0,1,1662,152.0,23.0
2649377096.0,1,1663,712.0,23.0
2671316010.0,1,1664,152.0,23.0
2619034203.0,1,1665,712.0,23.0
2683909310.0,1,1666,2039.0,23.0
2623991192.0,1,1667,339.0,23.0
2664891963.0,1,1668,712.0,22.0
2640925973.0,1,1669,2039.0,22.0
2609684528.0,1,1670,712.0,233.0
2588898943.0,1,1671,185.0,222.0
2655776320.0,1,1672,712.0,222.0
2489835934.0,1,1673,152.0,222.0
2623867315.0,1,1674,152.0,221.0
2853632518.0,1,1675,185.0,221.0
2631176695.0,1,1676,339.0,217.0
2629928616.0,1,1677,1858.0,217.0
2699921379.0,1,1678,1858.0,215.0
2775919387.0,1,1679,152.0,215.0
2795233517.0,1,1680,263.0,214.0
2628471949.0,1,1681,2039.0,214.0
2664884166.0,1,1682,1858.0,202.0
2608924886.0,1,1683,272.0,202.0
2616885785.0,1,1684,1858.0,199.0
2793367434.0,1,1685,339.0,199.0
2690445068.0,1,1686,113.0,198.0
2607797993.0,1,1687,152.0,198.0
2648582194.0,1,1688,339.0,198.0
2720430554.0,1,1689,118.0,198.0
2720430782.0,1,1690,113.0,195.0
2660507784.0,1,1691,152.0,195.0
2626479603.0,1,1692,272.0,190.0
2632428390.0,1,1693,339.0,185.0
2624682764.0,1,1694,1964.0,185.0
2649377922.0,1,1695,272.0,185.0
2642968382.0,1,1696,310.0,177.0
2793370054.0,1,1697,1916.0,177.0
2596410420.0,1,1698,150.0,155.0
2695622093.0,1,1699,339.0,155.0
2633042896.0,1,1700,150.0,147.0
2607250595.0,1,1701,321.0,147.0
2622805082.0,1,1702,310.0,146.0
2687705816.0,1,1703,272.0,146.0
2699914346.0,1,1704,185.0,144.0
2670193098.0,1,1705,150.0,144.0
2654091185.0,1,1706,150.0,136.0
2699913459.0,1,1707,2282.0,136.0
2623279815.0,1,1708,272.0,135.0
2698586498.0,1,1709,325.0,135.0
2643642956.0,1,1710,263.0,135.0
2799449704.0,1,1711,152.0,135.0
2793365259.0,1,1712,152.0,133.0
2813787927.0,1,1713,1916.0,133.0
2628875108.0,1,1714,310.0,132.0
2687652080.0,1,1715,263.0,132.0
2787485219.0,1,1716,339.0,129.0
2634468842.0,1,1717,837.0,129.0
2800628742.0,1,1718,837.0,129.0
2658146887.0,1,1719,263.0,129.0
2752655589.0,1,1720,185.0,128.0
2655771926.0,1,1721,263.0,128.0
2609792565.0,1,1722,712.0,125.0
2729840979.0,1,1723,339.0,123.0
2608735122.0,1,1724,339.0,123.0
2695620074.0,1,1725,1964.0,122.0
2599646276.0,1,1726,263.0,122.0
2599492518.0,1,1727,2282.0,115.0
2710620745.0,1,1728,431.0,115.0
2813637414.0,1,1729,185.0,107.0
2775817476.0,1,1730,1964.0,107.0
2612042339.0,1,1731,310.0,103.0
2610561756.0,1,1732,339.0,101.0
2622799766.0,1,1733,1964.0,101.0
2621324658.0,1,1734,105.0,101.0
2661331458.0,1,1735,339.0,101.0
2607812241.0,1,1736,837.0,96.0
2615349771.0,1,1737,837.0,96.0
2598054009.0,1,1738,310.0,93.0
2680642934.0,1,1739,1964.0,93.0
2628510556.0,1,1740,478.0,93.0
2649380006.0,1,1741,1916.0,92.0
2596370621.0,1,1742,185.0,92.0
2676826903.0,1,1743,339.0,92.0
2591803034.0,1,1744,339.0,91.0
2861992304.0,1,1745,339.0,91.0
2624741072.0,1,1746,2998.0,91.0
2736982380.0,1,1747,185.0,91.0
2652309362.0,1,1748,185.0,91.0
2621085084.0,1,1749,2998.0,91.0
2782824675.0,1,1750,339.0,87.0
2612542358.0,1,1751,152.0,87.0
2600367488.0,1,1752,2998.0,84.0
2618966992.0,1,1753,2998.0,84.0
2646028055.0,1,1754,2998.0,84.0
2657086381.0,1,1755,307.0,84.0
2657059729.0,1,1756,339.0,83.0
2610931340.0,1,1757,2998.0,83.0
2653836825.0,1,1758,341.0,82.0
2855788425.0,1,1759,310.0,82.0
2856853786.0,1,1760,152.0,82.0
2581213203.0,1,1761,1916.0,81.0
2829178278.0,1,1762,150.0,81.0
2640999447.0,1,1763,2998.0,80.0
2650895152.0,1,1764,341.0,80.0
2769833601.0,1,1765,150.0,75.0
2591895355.0,1,1766,150.0,75.0
2634437000.0,3,1767,1099.0,74.0
2655769576.0,3,1767,1099.0,74.0
2687654476.0,3,1767,1099.0,73.0
2622271113.0,3,1767,1099.0,73.0
2616845118.0,3,1767,1099.0,71.0
2782803267.0,3,1767,1099.0,71.0
2787865606.0,3,1767,1099.0,69.0
2589465390.0,3,1767,1099.0,69.0
2649377249.0,3,1767,1099.0,68.0
2720583269.0,3,1767,1099.0,68.0
2616414430.0,3,1767,1099.0,67.0
2843525024.0,3,1767,1099.0,67.0
2630726410.0,3,1767,1099.0,63.0
2644791594.0,3,1767,1099.0,63.0
2643088198.0,3,1767,1099.0,62.0
2644010787.0,3,1767,1099.0,62.0
2722897573.0,3,1767,1099.0,62.0
2632220633.0,3,1767,1099.0,62.0
2649375376.0,3,1767,1099.0,61.0
2622803223.0,3,1767,1099.0,61.0
2665788353.0,3,1767,1099.0,60.0
2622268602.0,3,1768,1099.0,60.0
2624545744.0,3,1768,1099.0,60.0
2625324219.0,3,1769,995.0,60.0
2861935446.0,3,1770,272.0,60.0
2591810128.0,3,1771,2998.0,60.0
2579243258.0,3,1772,,58.0
2856852437.0,3,1773,2039.0,58.0
2624766857.0,3,1773,2039.0,58.0
2627096670.0,3,1774,,58.0
2624393072.0,3,1775,712.0,58.0
2625681417.0,3,1776,172.0,58.0
2650893439.0,3,1777,700.0,58.0
2628801399.0,3,1778,321.0,58.0
2614064684.0,3,1779,1732.0,58.0
2629589456.0,3,1780,94.0,58.0
2599581939.0,3,1780,94.0,57.0
2631015947.0,3,1781,353.0,57.0
2628586424.0,3,1782,,56.0
2629364519.0,3,1783,,56.0
2855787122.0,3,1784,,56.0
2607243710.0,3,1785,2503.0,56.0
2718484415.0,3,1786,2998.0,56.0
2715473627.0,3,1787,2039.0,56.0
2607221413.0,3,1788,219.0,56.0
2612040651.0,3,1789,226.0,56.0
2612542939.0,3,1790,,56.0
2625333279.0,3,1791,1449.0,56.0
2622551233.0,3,1791,1449.0,56.0
2665684790.0,3,1792,1466.0,56.0
2612541330.0,3,1793,219.0,55.0
2730469491.0,3,1794,712.0,55.0
2623601431.0,3,1794,712.0,55.0
2715482509.0,3,1795,,55.0
2621482006.0,3,1796,1964.0,55.0
2710633331.0,3,1797,219.0,55.0
2670773821.0,3,1797,219.0,55.0
2623643106.0,3,1798,336.0,55.0
2666422187.0,3,1799,225.0,54.0
2674682814.0,3,1800,1099.0,54.0
2856853262.0,3,1801,1732.0,53.0
2678631376.0,3,1802,1081.0,53.0
2578459479.0,3,1803,,53.0
2861937303.0,3,1804,94.0,53.0
2625339866.0,3,1805,1916.0,52.0
2623923837.0,3,1806,,52.0
2662581587.0,3,1807,353.0,52.0
2709718225.0,3,1808,,52.0
2676367129.0,3,1808,,52.0
2670774332.0,3,1809,2503.0,51.0
2624375705.0,3,1810,1665.0,51.0
2837395147.0,3,1811,2998.0,50.0
2829081894.0,3,1811,2998.0,50.0
2621431974.0,3,1812,190.0,50.0
2669623745.0,3,1812,190.0,50.0
2698943457.0,3,1813,2039.0,50.0
2827353089.0,3,1814,219.0,50.0
2691811695.0,3,1814,219.0,50.0
2681716083.0,3,1815,219.0,50.0
2890832755.0,3,1815,219.0,49.0
2725680167.0,3,1815,226.0,49.0
2656970679.0,3,1816,1466.0,49.0
2666426433.0,3,1816,1466.0,49.0
2603436841.0,3,1817,712.0,48.0
2604647945.0,3,1818,1964.0,48.0
2600514078.0,3,1819,215.0,48.0
2782790635.0,3,1819,215.0,48.0
2709690073.0,3,1819,215.0,48.0
2689240998.0,3,1820,336.0,48.0
2738727510.0,3,1820,336.0,47.0
2624648888.0,3,1821,307.0,47.0
2676819820.0,3,1822,321.0,47.0
2736753416.0,3,1822,321.0,47.0
2693539468.0,3,1823,1641.0,46.0
2644336282.0,3,1824,1916.0,46.0
2646423717.0,3,1825,353.0,46.0
2696724218.0,3,1826,,46.0
2711335235.0,3,1827,,46.0
2655361117.0,3,1828,190.0,46.0
2634458264.0,3,1829,215.0,46.0
2751213359.0,3,1829,215.0,46.0
2591812419.0,3,1830,215.0,46.0
2842209256.0,3,1830,215.0,45.0
2669634821.0,3,1831,225.0,45.0
2497266914.0,3,1831,,45.0
2679865198.0,3,1832,1466.0,45.0
2718951265.0,3,1833,712.0,45.0
2632223189.0,3,1834,215.0,45.0
2681720252.0,3,1834,215.0,45.0
2624399069.0,3,1835,1964.0,45.0
2725603473.0,2,1836,1466.0,45.0
2630617864.0,2,1837,40.0,45.0
2678621431.0,2,1838,,45.0
2629279548.0,2,887,272.0,45.0
2700095037.0,2,1839,336.0,45.0
2687593745.0,2,1840,214.0,45.0
2638364422.0,2,1841,1964.0,44.0
2725166385.0,2,1842,149.0,44.0
2647132462.0,2,1843,272.0,44.0
2623925231.0,2,1844,94.0,44.0
2659103817.0,2,1845,336.0,44.0
2644170164.0,2,1846,2039.0,44.0
2610191292.0,2,1847,149.0,43.0
2669642997.0,2,1848,188.0,43.0
2649378917.0,2,1849,712.0,43.0
2793369064.0,2,1850,712.0,43.0
2629348477.0,2,1851,503.0,43.0
2626989720.0,2,1852,149.0,43.0
2653837225.0,2,1853,305.0,43.0
2612041275.0,2,1854,40.0,42.0
2725599511.0,2,1855,336.0,42.0
2631013892.0,2,1856,,42.0
2644924460.0,2,1857,263.0,42.0
2645693379.0,2,1858,2282.0,42.0
2720360679.0,2,1859,188.0,42.0
2628506127.0,2,1860,263.0,41.0
2845134048.0,2,1861,188.0,41.0
2628821498.0,2,1862,2039.0,41.0
2775802315.0,2,1863,336.0,41.0
2650915785.0,2,1864,149.0,41.0
2601012580.0,2,1865,1916.0,41.0
2667978588.0,2,1866,149.0,41.0
2628509569.0,2,1867,94.0,41.0
2775881051.0,2,1868,171.0,40.0
2592618186.0,2,1869,263.0,40.0
2650920723.0,2,1870,171.0,40.0
2589190551.0,2,1871,337.0,40.0
2608576946.0,2,1872,171.0,39.0
2875757228.0,2,1873,171.0,39.0
2678628809.0,2,1874,1964.0,39.0
2725824013.0,2,1875,149.0,39.0
2587620338.0,2,1876,171.0,39.0
2876688752.0,2,1877,149.0,39.0
2736704399.0,2,1878,272.0,39.0
2680939184.0,2,1879,1916.0,39.0
2682414168.0,2,1880,337.0,39.0
2671317236.0,2,1881,337.0,39.0
2853634045.0,2,1882,171.0,39.0
2683936162.0,2,1846,2039.0,39.0
2710643864.0,2,1883,336.0,38.0
2620115681.0,2,1884,336.0,38.0
2843008041.0,2,1885,149.0,38.0
2623952238.0,2,1886,336.0,38.0
2591661607.0,2,1887,336.0,38.0
2710237381.0,2,1888,80.0,38.0
2712597783.0,2,1889,149.0,37.0
2626461272.0,2,1890,149.0,37.0
2709690478.0,2,998,336.0,37.0
2843860768.0,2,1891,336.0,37.0
2621456832.0,2,1892,1858.0,37.0
2617578779.0,2,1893,336.0,37.0
2623269541.0,2,1894,336.0,37.0
2802362086.0,2,1895,336.0,37.0
2607237500.0,2,1896,272.0,37.0
2589297255.0,2,1897,336.0,37.0
2782185201.0,2,1898,149.0,36.0
2616483659.0,2,1899,149.0,36.0
2888703591.0,2,1900,337.0,36.0
2837401236.0,2,1901,337.0,36.0
2829084666.0,2,1902,2039.0,36.0
2609712660.0,2,1903,712.0,36.0
2833379170.0,2,1904,712.0,35.0
2795602533.0,2,1905,337.0,35.0
2608942888.0,2,1906,149.0,35.0
2653834687.0,2,1907,2039.0,35.0
2607798973.0,2,1908,149.0,35.0
2733408418.0,2,1909,712.0,35.0
2655334673.0,2,1910,149.0,35.0
2683932232.0,2,1911,712.0,35.0
2854367006.0,2,1912,2039.0,35.0
2658370028.0,2,1913,330.0,35.0
2847363868.0,2,1914,712.0,35.0
2725154904.0,2,1915,2039.0,35.0
2669625600.0,2,1916,712.0,34.0
2762396982.0,2,1917,188.0,34.0
2680938476.0,2,1918,118.0,34.0
2670778125.0,2,597,712.0,34.0
2725679556.0,2,1919,149.0,34.0
2614038167.0,2,1920,149.0,34.0
2782780191.0,2,1921,188.0,34.0
2855788653.0,2,1922,336.0,34.0
2802360064.0,2,1923,1858.0,34.0
2591737455.0,2,1924,1858.0,34.0
2782796495.0,2,1925,149.0,33.0
2625331611.0,2,1926,263.0,33.0
2621431349.0,2,1927,2039.0,33.0
2711375922.0,2,1528,2093.0,33.0
2785834697.0,2,1928,1858.0,33.0
2813637771.0,2,1929,272.0,33.0
2607181131.0,2,1930,1858.0,33.0
2787864196.0,2,1931,336.0,33.0
2854202758.0,2,1932,171.0,33.0
2630122155.0,2,334,149.0,33.0
2635635996.0,2,1933,336.0,32.0
2621790581.0,2,1934,118.0,32.0
2614545665.0,2,1935,171.0,32.0
2633037119.0,2,1936,149.0,32.0
2653837776.0,2,1937,272.0,31.0
2793370346.0,2,1938,330.0,31.0
2608574683.0,2,1939,1964.0,30.0
2888702632.0,2,1940,272.0,30.0
2663752392.0,2,1941,172.0,30.0
2611548915.0,2,1942,330.0,30.0
2633065867.0,2,1943,172.0,30.0
2643950196.0,2,1944,321.0,30.0
2647141067.0,2,1945,305.0,30.0
2747042497.0,2,1946,272.0,30.0
2710642867.0,2,1947,186.0,30.0
2658147670.0,2,1948,172.0,30.0
2614065608.0,2,1949,172.0,30.0
2591797814.0,2,1950,2282.0,29.0
2616770820.0,2,1951,272.0,29.0
2585082237.0,2,1952,325.0,29.0
2687624475.0,2,1953,263.0,29.0
2623952738.0,2,1954,149.0,29.0
2655349239.0,2,1955,149.0,29.0
2718602363.0,2,1956,1916.0,28.0
2687578416.0,2,1957,305.0,28.0
2613586400.0,2,1958,263.0,28.0
2687639490.0,2,1959,330.0,28.0
2725162468.0,2,1960,837.0,28.0
2715485097.0,2,1961,837.0,28.0
2621077073.0,2,1962,263.0,28.0
2591747475.0,2,1963,186.0,28.0
2666424498.0,2,1964,263.0,28.0
2627098323.0,2,1094,712.0,27.0
2689898106.0,2,1965,330.0,27.0
2722116125.0,2,1966,330.0,27.0
2717791550.0,2,1967,1964.0,27.0
2620561258.0,2,1968,263.0,27.0
2617682481.0,2,1969,2282.0,27.0
2620125476.0,2,1970,431.0,27.0
2725680760.0,2,1971,186.0,27.0
2623270666.0,2,1972,1964.0,27.0
2617632124.0,2,1973,313.0,27.0
2658147413.0,2,1974,330.0,27.0
2659970738.0,2,1975,105.0,27.0
2638411397.0,2,1976,330.0,27.0
2740103755.0,2,1977,283.0,27.0
2678640766.0,2,1978,837.0,27.0
2644921877.0,2,1979,837.0,26.0
2614039907.0,2,1980,313.0,26.0
2629309239.0,2,1981,1964.0,26.0
2631014598.0,2,1982,,26.0
2726261090.0,2,1983,478.0,26.0
2643946718.0,2,1984,1916.0,26.0
2710635247.0,2,1985,186.0,26.0
2629876036.0,2,1986,330.0,26.0
2795601928.0,2,1987,330.0,26.0
2710627564.0,2,1988,337.0,26.0
2738997668.0,2,1989,2998.0,26.0
2749506912.0,2,1990,186.0,26.0
2670008935.0,2,1991,186.0,26.0
2664051732.0,2,1865,2998.0,26.0
2776297354.0,2,1992,337.0,26.0
2875755518.0,2,1993,149.0,26.0
2680380987.0,2,1994,2998.0,25.0
2635814120.0,2,1995,2998.0,25.0
2658246418.0,2,1996,2998.0,25.0
2654285890.0,2,1997,307.0,25.0
2597778797.0,2,1998,337.0,25.0
2655775654.0,2,1999,2998.0,25.0
2681539727.0,2,2000,337.0,25.0
2599272403.0,2,2001,313.0,233.0
2645334654.0,2,2002,149.0,222.0
2695620934.0,2,2003,1916.0,222.0
2639765200.0,2,2004,283.0,222.0
2827354054.0,2,2005,172.0,221.0
2698944606.0,2,2006,2998.0,221.0
2854212838.0,2,2007,337.0,217.0
2596405573.0,2,2008,172.0,217.0
2650748152.0,2,2009,172.0,215.0
2651958307.0,1,2010,700.0,215.0
2829082566.0,1,2011,700.0,214.0
2628484769.0,1,2012,700.0,214.0
2629590312.0,1,2013,700.0,202.0
2634457389.0,1,2014,113.0,202.0
2650908533.0,1,2015,700.0,199.0
2623949043.0,1,2016,113.0,199.0
2628508943.0,1,2017,174.0,198.0
2643948493.0,1,2018,113.0,198.0
2838578274.0,1,2019,1858.0,198.0
2815474042.0,1,2020,330.0,198.0
2626136042.0,1,2021,272.0,195.0
2745914500.0,1,2022,272.0,195.0
2669795053.0,1,2023,712.0,190.0
2625027843.0,1,2024,174.0,185.0
2782790012.0,1,2025,330.0,185.0
2687641049.0,1,2026,712.0,185.0
2665698396.0,1,2027,272.0,177.0
2646423898.0,1,2028,174.0,177.0
2601014333.0,1,2029,1858.0,155.0
2860010221.0,1,2030,330.0,155.0
2671019574.0,1,2031,1858.0,147.0
2626857379.0,1,2032,272.0,147.0
2597750214.0,1,2033,337.0,146.0
2624391453.0,1,2034,174.0,146.0
2678634283.0,1,2035,337.0,144.0
2591652788.0,1,2036,113.0,144.0
2609945399.0,1,2037,174.0,136.0
2628482356.0,1,2038,1858.0,136.0
2632194824.0,1,2039,712.0,135.0
2681717151.0,1,2040,272.0,135.0
2623950639.0,1,2041,1858.0,135.0
2682496115.0,1,2042,336.0,135.0
2793365529.0,1,2043,174.0,133.0
2630703897.0,1,2044,174.0,133.0
2853646314.0,1,2045,1858.0,132.0
2628654126.0,1,2046,266.0,132.0
2829084240.0,1,2047,712.0,129.0
2599288943.0,1,2048,113.0,129.0
2686595223.0,1,2049,174.0,129.0
2655348610.0,1,2050,1858.0,129.0
2687587821.0,1,2051,174.0,128.0
2650629269.0,1,2052,174.0,128.0
2683929549.0,1,2053,1858.0,125.0
2670775322.0,1,2054,712.0,123.0
2650907152.0,1,2055,174.0,123.0
2635439300.0,1,2056,174.0,122.0
2680934945.0,1,2057,1858.0,122.0
2736752979.0,1,2058,174.0,115.0
2740211053.0,1,2059,174.0,115.0
2625328187.0,1,2060,272.0,107.0
2585082176.0,1,2061,174.0,107.0
2755154374.0,1,2062,174.0,103.0
2742653057.0,1,2063,272.0,101.0
2813636795.0,1,2064,94.0,101.0
2606897321.0,1,2065,188.0,101.0
2802359464.0,1,2066,94.0,101.0
2849894045.0,1,2067,188.0,96.0
2626529697.0,1,2068,94.0,96.0
2690448936.0,1,2069,1858.0,93.0
2623946027.0,1,2070,174.0,93.0
2628504962.0,1,2071,174.0,93.0
2875760729.0,1,2072,1964.0,92.0
2747045856.0,1,2073,336.0,92.0
2850105132.0,1,2074,174.0,92.0
2860010522.0,1,2075,174.0,91.0
2762394737.0,1,2076,336.0,91.0
2719862692.0,1,2077,266.0,91.0
2643962378.0,1,2078,174.0,91.0
2669646592.0,1,2079,174.0,91.0
2687707024.0,1,2080,174.0,91.0
2730486281.0,1,2081,149.0,87.0
2596398378.0,1,2082,149.0,87.0
2689244381.0,1,2083,188.0,84.0
2599580435.0,1,2084,149.0,84.0
2622103593.0,1,2085,1964.0,84.0
2736983031.0,1,2086,149.0,84.0
2725602646.0,1,2087,336.0,83.0
2756500034.0,1,2088,336.0,83.0
2650915765.0,1,2089,1858.0,82.0
2718601785.0,1,2090,266.0,82.0
2775305179.0,1,2091,188.0,82.0
2720582661.0,1,2092,149.0,81.0
2726251792.0,1,2093,2039.0,81.0
2636203089.0,1,2094,712.0,80.0
2730504036.0,1,2095,188.0,80.0
2699073051.0,1,2096,149.0,75.0
2725881343.0,1,2097,263.0,75.0
2721140868.0,1,2098,336.0,74.0
2782793833.0,1,2099,1858.0,74.0
2738994536.0,1,2100,94.0,73.0
2802365642.0,1,2101,712.0,73.0
2664051786.0,1,2102,149.0,71.0
2681543596.0,1,2103,712.0,71.0
2664873151.0,1,2104,1858.0,69.0
2599064967.0,1,2105,188.0,69.0
2612547928.0,1,2106,188.0,68.0
2611219053.0,1,2107,149.0,68.0
2601121926.0,1,2108,1858.0,67.0
2585082033.0,1,2109,94.0,67.0
2599045303.0,1,2110,1964.0,63.0
2580116906.0,1,2111,1858.0,63.0
2633532842.0,2,2112,712.0,62.0
2612545917.0,2,2113,700.0,62.0
2607252759.0,2,2114,700.0,62.0
2622016017.0,2,2115,700.0,62.0
2688414254.0,2,2116,700.0,61.0
2632198670.0,2,2117,171.0,61.0
2700850800.0,2,2118,700.0,60.0
2691376959.0,2,2119,171.0,60.0
2782789406.0,2,2120,145.0,60.0
2669624945.0,2,2121,171.0,60.0
2450518956.0,2,2122,1858.0,60.0
2726255017.0,2,2123,247.0,60.0
2739291159.0,2,2124,337.0,58.0
2748536485.0,2,2125,272.0,58.0
2838580034.0,2,2126,272.0,58.0
2689243840.0,2,2127,712.0,58.0
2719861341.0,2,2128,145.0,58.0
2827356616.0,2,2129,337.0,58.0
2657096909.0,2,2130,712.0,58.0
2659442077.0,2,2131,272.0,58.0
2752653790.0,2,2132,145.0,58.0
2710594691.0,2,2133,1858.0,58.0
2833391646.0,2,2134,337.0,57.0
2689242287.0,2,2135,1858.0,57.0
2709712797.0,2,2136,272.0,56.0
2718595707.0,2,2137,337.0,56.0
2658201296.0,2,2138,145.0,56.0
2692042118.0,2,2139,337.0,56.0
2725592914.0,2,2140,171.0,56.0
2739291357.0,2,2141,145.0,56.0
2793364172.0,2,2142,1858.0,56.0
2802360989.0,2,2143,712.0,56.0
2842142397.0,2,2144,272.0,56.0
2689242151.0,2,2145,1858.0,56.0
2746259767.0,2,2146,337.0,56.0
2770673567.0,2,2147,145.0,56.0
2875763390.0,2,2148,145.0,55.0
2720584145.0,2,2149,1858.0,55.0
2718487408.0,2,2150,266.0,55.0
2782787690.0,2,2151,712.0,55.0
2712446339.0,2,2152,171.0,55.0
2720429965.0,2,2153,145.0,55.0
2711349498.0,2,2154,1858.0,55.0
2804764962.0,2,2155,145.0,55.0
2627102872.0,2,2156,145.0,54.0
2725593412.0,2,2157,1858.0,54.0
2733972566.0,2,2158,712.0,53.0
2775298442.0,2,2159,145.0,53.0
2628654862.0,2,2160,145.0,53.0
2699909047.0,2,2161,1858.0,53.0
2447158960.0,2,2162,145.0,52.0
2621082100.0,2,2163,247.0,52.0
2649380787.0,2,2164,145.0,52.0
2775801710.0,2,2165,272.0,52.0
2775883201.0,2,2166,145.0,52.0
2676819335.0,2,2167,145.0,51.0
2770066195.0,2,2168,272.0,51.0
2879464088.0,2,2169,171.0,50.0
2680937801.0,2,2170,186.0,50.0
2462387593.0,2,2171,171.0,50.0
2633045741.0,2,2172,247.0,50.0
2793363807.0,2,2173,171.0,50.0
2782814826.0,2,2174,1858.0,50.0
2683911739.0,2,2175,145.0,50.0
2827355403.0,2,2176,197.0,50.0
2684277136.0,2,2177,1964.0,49.0
2680940094.0,2,2178,337.0,49.0
2653838614.0,2,649,197.0,49.0
2678621043.0,2,2179,197.0,49.0
2678632878.0,2,2180,337.0,48.0
2645690581.0,2,2181,266.0,48.0
2652313818.0,2,2182,197.0,48.0
2634491689.0,2,2183,197.0,48.0
2655347087.0,2,59,197.0,48.0
2649375617.0,2,2184,197.0,48.0
2709717641.0,2,2185,197.0,47.0
2647219967.0,2,2186,186.0,47.0
2843164039.0,2,2187,197.0,47.0
2655776895.0,2,2188,1964.0,47.0
2695980782.0,2,2189,197.0,46.0
2680940794.0,2,2190,337.0,46.0
2853635090.0,2,649,337.0,46.0
2833806193.0,2,2191,1858.0,46.0
2770674946.0,2,2192,266.0,46.0
2640930421.0,2,2193,186.0,46.0
2676827702.0,2,2194,197.0,46.0
2678629446.0,2,2195,2039.0,46.0
2829081508.0,2,2196,712.0,46.0
2650952182.0,2,2197,186.0,45.0
2669626535.0,2,2198,197.0,45.0
2634478217.0,2,2199,263.0,45.0
2643866283.0,2,2200,337.0,45.0
2647865057.0,2,2201,1858.0,45.0
2859570450.0,2,2202,171.0,45.0
2644790732.0,2,2203,712.0,45.0
2683933901.0,2,2204,197.0,45.0
2678641817.0,2,2205,712.0,45.0
2630273156.0,2,2206,1858.0,45.0
2740148895.0,2,2207,186.0,45.0
2644364270.0,2,2208,186.0,45.0
2659221801.0,2,2209,197.0,45.0
2648833741.0,2,2210,1858.0,45.0
2738173270.0,2,2211,171.0,45.0
2680935720.0,2,2212,1964.0,45.0
2657097294.0,2,2213,1858.0,45.0
,4,2214,,
,4,2214,,
,4,2214,,
,4,2214,,
,4,2214,,
,4,2214,,
,4,2214,,
,4,2214,,
,4,2214,,
,4,2214,,
,4,2214,,
,4,2214,,
,4,2214,,
,4,2214,,
,4,2214,,
,4,2214,,
,4,2214,,
,4,2214,,
,4,2214,,
,4,2214,,
,4,2214,,
,4,2214,,
,4,2214,,
,4,2214,,
,4,2214,,
,4,2214,,
,4,2214,,
,4,2214,,
,4,2214,,
,4,2214,,
,4,2214,,
,4,2214,,
,4,2214,,
,4,2214,,
,4,2214,,
,4,2214,,
,4,2214,,
,4,2214,,
,4,2214,,
,4,2214,,
,4,2214,,
,4,2214,,
,4,2214,,
,4,2214,,
,4,2214,,
,4,2214,,
,4,2214,,
,4,2214,,
,4,2214,,
,4,2214,,
,4,2214,,
,4,2214,,
,4,2214,,
,4,2214,,
,4,2214,,
,4,2214,,
,4,2214,,
,4,2214,,
,4,2214,,
,4,2214,,
,4,2214,,
,4,2214,,
,4,2214,,
,4,2214,,
,4,2214,,
,4,2214,,
,4,2214,,
,4,2214,,
,4,2214,,
,4,2214,,
,4,2214,,
,4,2214,,
,4,2214,,
,4,2214,,
,4,2214,,
,4,2214,,
,4,2214,,
,4,2214,,
,4,2214,,
,4,2214,,
,4,2214,,
,4,2214,,
,4,2214,,
,4,2214,,
,4,2214,,
,4,2214,,
,4,2214,,
,4,2214,,
,4,2214,,
,4,2214,,
,4,2214,,
,4,2214,,
,4,2214,,
,4,2214,,
,4,2214,,
,4,2214,,
,4,2214,,
,4,2214,,
,4,2214,,
,4,2214,,
,4,2214,,
,4,2214,,
,4,2214,,
,4,2214,,
,4,2214,,
,4,2214,,
,4,2214,,
,4,2214,,
,4,2214,,
,4,2214,,
,4,2214,,
,4,2214,,
,4,2214,,
,4,2214,,
,4,2214,,
,4,2214,,
,4,2214,,
,4,2214,,
,4,2214,,
,4,2214,,
,4,2214,,
,4,2214,,
,4,2214,,
,4,2214,,
,4,2214,,
,4,2214,,
,4,2214,,
,4,2214,,
,4,2214,,
,4,2214,,
,4,2214,,
,4,2214,,
,4,2214,,
,4,2214,,
,4,2214,,
,4,2214,,
,4,2214,,
,4,2214,,
,4,2214,,
,4,2214,,
,4,2214,,
,4,2214,,
,4,2214,,
,4,2214,,
,4,2214,,
,4,2214,,
,4,2214,,
,4,2214,,
,4,2214,,
,4,2214,,
,4,2214,,
,4,2214,,
,4,2214,,
,4,2214,,
,4,2214,,
,4,2214,,
,4,2214,,
,4,2214,,
,4,2214,,
,4,2214,,
,4,2214,,
,4,2214,,
,4,2214,,
,4,2214,,
,4,2214,,
,4,2214,,
,4,2214,,
,4,2214,,
,4,2214,,
,4,2214,,
,4,2214,,
,4,2214,,
,4,2214,,
,4,2214,,
,4,2214,,
,4,2214,,
,4,2214,,
,4,2214,,
,4,2214,,
,4,2214,,
,4,2214,,
,4,2214,,
,4,2214,,
,4,2214,,
,4,2214,,
,4,2214,,
,4,2214,,
,4,2214,,
,4,2214,,
,4,2214,,
,4,2214,,
,4,2214,,
,4,2214,,
,4,2214,,
,4,2214,,
,4,2214,,
,4,2214,,
,4,2214,,
,4,2214,,
,4,2214,,
,4,2214,,
,4,2214,,
,4,2214,,
,4,2214,,
,4,2214,,
,4,2214,,
,4,2214,,
,4,2214,,
,4,2214,,
,4,2214,,
,4,2214,,
,4,2214,,
,4,2214,,
,4,2214,,
,4,2214,,
,4,2214,,
,4,2214,,
,4,2214,,
,4,2214,,
,4,2214,,
,4,2214,,
,4,2214,,
,4,2214,,
,4,2214,,
,4,2214,,
,4,2214,,
,4,2214,,
,4,2214,,
,4,2214,,
,4,2214,,
,4,2214,,
,4,2214,,
,4,2214,,
,4,2214,,
,4,2214,,
,4,2214,,
,4,2214,,
,4,2214,,
,4,2214,,
,4,2214,,
,4,2214,,
,4,2214,,
,4,2214,,
,4,2214,,
,4,2214,,
,4,2214,,
,4,2214,,
,4,2214,,
,4,2214,,
,4,2214,,
,4,2214,,
,4,2214,,
,4,2214,,
,4,2214,,
,4,2214,,
,4,2214,,
,4,2214,,
,4,2214,,
,4,2214,,
,4,2214,,
,4,2214,,
,4,2214,,
,4,2214,,
,4,2214,,
,4,2214,,
,4,2214,,
,4,2214,,
,4,2214,,
,4,2214,,
,4,2214,,
,4,2214,,
,4,2214,,
,4,2214,,
,4,2214,,
,4,2214,,
,4,2214,,
,4,2214,,
,4,2214,,
,4,2214,,
,4,2214,,
,4,2214,,
,4,2214,,
,4,2214,,
,4,2214,,
,4,2214,,
,4,2214,,
,4,2214,,
,4,2214,,
,4,2214,,
,4,2214,,
,4,2214,,
,4,2214,,
,4,2214,,
,4,2214,,
,4,2214,,
,4,2214,,
,4,2214,,
,4,2214,,
,4,2214,,
,4,2214,,
,4,2214,,
,4,2214,,
,4,2214,,
,4,2214,,
,4,2214,,
,4,2214,,
,4,2214,,
,4,2214,,
,4,2214,,
,4,2214,,
,4,2214,,
,4,2214,,
,4,2214,,
,4,2214,,
,4,2214,,
,4,2214,,
,4,2214,,
,4,2214,,
,4,2214,,
,4,2214,,
,4,2214,,
,4,2214,,
,4,2214,,
,4,2214,,
,4,2214,,
,4,2214,,
,4,2214,,
,4,2214,,
,4,2214,,
,4,2214,,
,4,2214,,
,4,2214,,
,4,2214,,
,4,2214,,
,4,2214,,
,4,2214,,
,4,2214,,
,4,2214,,
,4,2214,,
,4,2214,,
,4,2214,,
,4,2214,,
,4,2214,,
,4,2214,,
,4,2214,,
,4,2214,,
,4,2214,,
,4,2214,,
,4,2214,,
,4,2214,,
,4,2214,,
,4,2214,,
,4,2214,,
,4,2214,,
,4,2214,,
,4,2214,,
,4,2214,,
,4,2214,,
,4,2214,,
,4,2214,,
,4,2214,,
,4,2214,,
,4,2214,,
,4,2214,,
,4,2214,,
,4,2214,,
,4,2214,,
,4,2214,,
,4,2214,,
,4,2214,,
,4,2214,,
,4,2214,,
,4,2214,,
,4,2214,,
,4,2214,,
,4,2214,,
,4,2214,,
,4,2214,,
,4,2214,,
,4,2214,,
,4,2214,,
,4,2214,,
,4,2214,,
,4,2214,,
,4,2214,,
,4,2214,,
,4,2214,,
,4,2214,,
,4,2214,,
,4,2214,,
,4,2214,,
,4,2214,,
,4,2214,,
,4,2214,,
,4,2214,,
,4,2214,,
,4,2214,,
,4,2214,,
,4,2214,,
,4,2214,,
,4,2214,,
,4,2214,,
,4,2214,,
,4,2214,,
,4,2214,,
,4,2214,,
,4,2214,,
,4,2214,,
,4,2214,,
,4,2214,,
,4,2214,,
,4,2214,,
,4,2214,,
,4,2214,,
,4,2214,,
,4,2214,,
,4,2214,,
,4,2214,,
,4,2214,,
,4,2214,,
,4,2214,,
,4,2214,,
,4,2214,,
,4,2214,,
,4,2214,,
,4,2214,,
,4,2214,,
,4,2214,,
,4,2214,,
,4,2214,,
,4,2214,,
,4,2214,,
,4,2214,,
,4,2214,,
,4,2214,,
,4,2214,,
,4,2214,,
,4,2214,,
,4,2214,,
,4,2214,,
,4,2214,,
,4,2214,,
,4,2214,,
,4,2214,,
,4,2214,,
,4,2214,,
,4,2214,,
,4,2214,,
,4,2214,,
,4,2214,,
,4,2214,,
,4,2214,,
,4,2214,,
,4,2214,,
,4,2214,,
,4,2214,,
,4,2214,,
,4,2214,,
,4,2214,,
,4,2214,,
,4,2214,,
,4,2214,,
,4,2214,,
,4,2214,,
